Workbook

Sheet DATA
A1: No. | B1: No. Ke Unit Kerja Asal | C1: No. Ke Unit Kerja tujuan | D1: No. Ke Unit Kerja tujuan (jika sekolah) | E1: Tanggal | F1: Bulan | G1: Tahun | H1: ROMAWI | I1: IZIN TENTANG | J1: DASAR SURAT | K1: TANGGAL SURAT | L1: PENANDATANGAN SURAT | M1: HAL SURAT | N1: TUJUAN SURAT | O1: NAMA | P1: NIM/NIS TULIS | Q1: NIM/NIS | R1: JURUSAN/PRODI | S1: TEMPAT PKL | T1: PESERTA DIDIK/MAHASISWA | U1: UNIT KERJA ASAL | V1: AWAL TANGGAL | W1: AKHIR TANGGAL | X1: Tembusan1 | Y1: Tembusan2 | Z1: KETERANGAN | AA1: SERTIFIKAT | AB1: Awal Bulan | AC1: Akhir Bulan | AD1: Thn Awal | AE1: AKHIR | AF1: 1 | AG1: 2 | AH1: 3 | AI1: 4 | AJ1: 5 | AK1: 6 | AL1: 7 | AM1: 8 | AN1: 9 | AO1: 10 | AP1: 11 | AQ1: 12 | AR1: 1 | AS1: 2 | AT1: 3 | AU1: 4 | AV1: 5 | AW1: 6 | AX1: 7 | AY1: 8 | AZ1: 9 | BA1: 10 | BB1: 11 | BC1: 12 | BD1: 1 | BE1: 2 | BF1: 3 | BG1: 4 | BH1: 5 | BI1: 6 | BJ1: 7 | BK1: 8 | BL1: 9 | BM1: 10 | BN1: 11 | BO1: 12
B2: 5430 | D2: 5431 | E2: 6 | F2: Maret | G2: 2026 | H2: =VLOOKUP(F2,MASTER!$B$2:$C$13,2,FALSE) -> III | I2: Pemberian Izin Melakukan Field Project | J2: 0359/UN9.FK/SB2.AF.AF1/2026 | K2: 23 Februari 2026 | L2: Dekan Fakultas Kedokteran Universitas Sriwijaya | M2: Izin Melakukan Field Project | O2: Jasmine Putria Zahara | P2: 04041282328019 | Q2: NIM | R2: Program Studi Psikologi Fakultas Kedokteran Universitas Sriwijaya | S2: SMA Negeri 16 Palembang | T2: =IF(Q2="NIM","Mahasiswa","Peserta Didik") -> Mahasiswa | U2: Universitas Sriwijaya | Z2: SELESAI | AA2: =IF(ISNA(MATCH(O2,SERTIFIKAT!$G$2:$G$237,0)),"","SERTIFIKAT SELESAI") | AB2: =MONTH(V2) -> 1 | AC2: =MONTH(W2) -> 1 | AD2: =YEAR(V2) -> 1900 | AE2: =YEAR(W2) -> 1900 | AF2: =AB2 -> 1 | AG2: =AF2+1 -> 2 | AH2: =AG2+1 -> 3 | AI2: =AH2+1 -> 4 | AJ2: =AI2+1 -> 5 | AK2: =AJ2+1 -> 6 | AL2: =AK2+1 -> 7 | AM2: =AL2+1 -> 8 | AN2: =AM2+1 -> 9 | ... AQ2: =AP2+1 -> 12 | BD2: =S2&AR2&AD2 -> SMA Negeri 16 Palembang1900 | BE2: =S2&AS2&AD2 -> SMA Negeri 16 Palembang1900 | BF2: =S2&AT2&AD2 -> SMA Negeri 16 Palembang1900 | BG2: =S2&AU2&AD2 -> SMA Negeri 16 Palembang1900 | BH2: =S2&AV2&AD2 -> SMA Negeri 16 Palembang1900 | BI2: =S2&AW2&AD2 -> SMA Negeri 16 Palembang1900 | BJ2: =S2&AX2&AD2 -> SMA Negeri 16 Palembang1900 | BK2: =S2&AY2&AD2 -> SMA Negeri 16 Palembang1900 | BL2: =S2&AZ2&AD2 -> SMA Negeri 16 Palembang1900 | BM2: =S2&BA2&AD2 -> SMA Negeri 16 Palembang1900 | BN2: =S2&BB2&AD2 -> SMA Negeri 16 Palembang1900 | BO2: =S2&BC2&AD2 -> SMA Negeri 16 Palembang1900
B3: 5430 | D3: 5431 | E3: 6 | F3: Maret | G3: 2026 | H3: =VLOOKUP(F3,MASTER!$B$2:$C$13,2,FALSE) -> III | I3: Pemberian Izin Melakukan Field Project | J3: 0359/UN9.FK/SB2.AF.AF1/2026 | K3: 23 Februari 2026 | L3: Dekan Fakultas Kedokteran Universitas Sriwijaya | M3: Izin Melakukan Field Project | O3: Alifa Tsabitah | P3: 04041282328023 | Q3: NIM | R3: Program Studi Psikologi Fakultas Kedokteran Universitas Sriwijaya | S3: SMA Negeri 16 Palembang | T3: =IF(Q3="NIM","Mahasiswa","Peserta Didik") -> Mahasiswa | U3: Universitas Sriwijaya | Z3: SELESAI | AA3: =IF(ISNA(MATCH(O3,SERTIFIKAT!$G$2:$G$237,0)),"","SERTIFIKAT SELESAI") | AB3: =MONTH(V3) -> 1 | AC3: =MONTH(W3) -> 1 | AD3: =YEAR(V3) -> 1900 | AE3: =YEAR(W3) -> 1900 | AF3: =AB3 -> 1 | AG3: =AF3+1 -> 2 | AH3: =AG3+1 -> 3 | AI3: =AH3+1 -> 4 | AJ3: =AI3+1 -> 5 | AK3: =AJ3+1 -> 6 | AL3: =AK3+1 -> 7 | AM3: =AL3+1 -> 8 | AN3: =AM3+1 -> 9 | ... AQ3: =AP3+1 -> 12 | AR3: =IF(AF3<AC3+1,AF3,"") -> 1 | AS3: =IF(AG3<AC3+1,AG3,"") | AT3: =IF(AH3<AC3+1,AH3,"") | AU3: =IF(AI3<AC3+1,AI3,"") | AV3: =IF(AJ3<AC3+1,AJ3,"") | AW3: =IF(AK3<AC3+1,AK3,"") | AX3: =IF(AL3<AC3+1,AL3,"") | AY3: =IF(AM3<AC3+1,AM3,"") | AZ3: =IF(AN3<AC3+1,AN3,"") | BA3: =IF(AO3<AC3+1,AO3,"") | BB3: =IF(AP3<AC3+1,AP3,"") | BC3: =IF(AQ3<AC3+1,AQ3,"") | BD3: =S3&AR3&AD3 -> SMA Negeri 16 Palembang11900 | BE3: =S3&AS3&AD3 -> SMA Negeri 16 Palembang1900 | BF3: =S3&AT3&AD3 -> SMA Negeri 16 Palembang1900 | BG3: =S3&AU3&AD3 -> SMA Negeri 16 Palembang1900 | BH3: =S3&AV3&AD3 -> SMA Negeri 16 Palembang1900 | BI3: =S3&AW3&AD3 -> SMA Negeri 16 Palembang1900 | BJ3: =S3&AX3&AD3 -> SMA Negeri 16 Palembang1900 | BK3: =S3&AY3&AD3 -> SMA Negeri 16 Palembang1900 | BL3: =S3&AZ3&AD3 -> SMA Negeri 16 Palembang1900 | BM3: =S3&BA3&AD3 -> SMA Negeri 16 Palembang1900 | BN3: =S3&BB3&AD3 -> SMA Negeri 16 Palembang1900 | BO3: =S3&BC3&AD3 -> SMA Negeri 16 Palembang1900
B4: 5430 | D4: 5431 | E4: 6 | F4: Maret | G4: 2026 | H4: =VLOOKUP(F4,MASTER!$B$2:$C$13,2,FALSE) -> III | I4: Pemberian Izin Melakukan Field Project | J4: 0359/UN9.FK/SB2.AF.AF1/2026 | K4: 23 Februari 2026 | L4: Dekan Fakultas Kedokteran Universitas Sriwijaya | M4: Izin Melakukan Field Project | O4: Naira Siti Nuriah | P4: 04041282328027 | Q4: NIM | R4: Program Studi Psikologi Fakultas Kedokteran Universitas Sriwijaya | S4: SMA Negeri 16 Palembang | T4: =IF(Q4="NIM","Mahasiswa","Peserta Didik") -> Mahasiswa | U4: Universitas Sriwijaya | Z4: SELESAI | AA4: =IF(ISNA(MATCH(O4,SERTIFIKAT!$G$2:$G$237,0)),"","SERTIFIKAT SELESAI") | AB4: =MONTH(V4) -> 1 | AC4: =MONTH(W4) -> 1 | AD4: =YEAR(V4) -> 1900 | AE4: =YEAR(W4) -> 1900 | AF4: =AB4 -> 1 | AG4: =AF4+1 -> 2 | AH4: =AG4+1 -> 3 | AI4: =AH4+1 -> 4 | AJ4: =AI4+1 -> 5 | AK4: =AJ4+1 -> 6 | AL4: =AK4+1 -> 7 | AM4: =AL4+1 -> 8 | AN4: =AM4+1 -> 9 | ... AQ4: =AP4+1 -> 12 | AR4: =IF(AF4<AC4+1,AF4,"") -> 1 | AS4: =IF(AG4<AC4+1,AG4,"") | AT4: =IF(AH4<AC4+1,AH4,"") | AU4: =IF(AI4<AC4+1,AI4,"") | AV4: =IF(AJ4<AC4+1,AJ4,"") | AW4: =IF(AK4<AC4+1,AK4,"") | AX4: =IF(AL4<AC4+1,AL4,"") | AY4: =IF(AM4<AC4+1,AM4,"") | AZ4: =IF(AN4<AC4+1,AN4,"") | BA4: =IF(AO4<AC4+1,AO4,"") | BB4: =IF(AP4<AC4+1,AP4,"") | BC4: =IF(AQ4<AC4+1,AQ4,"") | BD4: =S4&AR4&AD4 -> SMA Negeri 16 Palembang11900 | BE4: =S4&AS4&AD4 -> SMA Negeri 16 Palembang1900 | BF4: =S4&AT4&AD4 -> SMA Negeri 16 Palembang1900 | BG4: =S4&AU4&AD4 -> SMA Negeri 16 Palembang1900 | BH4: =S4&AV4&AD4 -> SMA Negeri 16 Palembang1900 | BI4: =S4&AW4&AD4 -> SMA Negeri 16 Palembang1900 | BJ4: =S4&AX4&AD4 -> SMA Negeri 16 Palembang1900 | BK4: =S4&AY4&AD4 -> SMA Negeri 16 Palembang1900 | BL4: =S4&AZ4&AD4 -> SMA Negeri 16 Palembang1900 | BM4: =S4&BA4&AD4 -> SMA Negeri 16 Palembang1900 | BN4: =S4&BB4&AD4 -> SMA Negeri 16 Palembang1900 | BO4: =S4&BC4&AD4 -> SMA Negeri 16 Palembang1900
B5: 5430 | D5: 5431 | E5: 6 | F5: Maret | G5: 2026 | H5: =VLOOKUP(F5,MASTER!$B$2:$C$13,2,FALSE) -> III | I5: Pemberian Izin Melakukan Field Project | J5: 0359/UN9.FK/SB2.AF.AF1/2026 | K5: 23 Februari 2026 | L5: Dekan Fakultas Kedokteran Universitas Sriwijaya | M5: Izin Melakukan Field Project | O5: Angelica Winda Aliza | P5: 04041282328050 | Q5: NIM | R5: Program Studi Psikologi Fakultas Kedokteran Universitas Sriwijaya | S5: SMA Negeri 16 Palembang | T5: =IF(Q5="NIM","Mahasiswa","Peserta Didik") -> Mahasiswa | U5: Universitas Sriwijaya | Z5: SELESAI | AA5: =IF(ISNA(MATCH(O5,SERTIFIKAT!$G$2:$G$237,0)),"","SERTIFIKAT SELESAI") | AB5: =MONTH(V5) -> 1 | AC5: =MONTH(W5) -> 1 | AD5: =YEAR(V5) -> 1900 | AE5: =YEAR(W5) -> 1900 | AF5: =AB5 -> 1 | AG5: =AF5+1 -> 2 | AH5: =AG5+1 -> 3 | AI5: =AH5+1 -> 4 | AJ5: =AI5+1 -> 5 | AK5: =AJ5+1 -> 6 | AL5: =AK5+1 -> 7 | AM5: =AL5+1 -> 8 | AN5: =AM5+1 -> 9 | ... AQ5: =AP5+1 -> 12 | AR5: =IF(AF5<AC5+1,AF5,"") -> 1 | AS5: =IF(AG5<AC5+1,AG5,"") | AT5: =IF(AH5<AC5+1,AH5,"") | AU5: =IF(AI5<AC5+1,AI5,"") | AV5: =IF(AJ5<AC5+1,AJ5,"") | AW5: =IF(AK5<AC5+1,AK5,"") | AX5: =IF(AL5<AC5+1,AL5,"") | AY5: =IF(AM5<AC5+1,AM5,"") | AZ5: =IF(AN5<AC5+1,AN5,"") | BA5: =IF(AO5<AC5+1,AO5,"") | BB5: =IF(AP5<AC5+1,AP5,"") | BC5: =IF(AQ5<AC5+1,AQ5,"") | BD5: =S5&AR5&AD5 -> SMA Negeri 16 Palembang11900 | BE5: =S5&AS5&AD5 -> SMA Negeri 16 Palembang1900 | BF5: =S5&AT5&AD5 -> SMA Negeri 16 Palembang1900 | BG5: =S5&AU5&AD5 -> SMA Negeri 16 Palembang1900 | BH5: =S5&AV5&AD5 -> SMA Negeri 16 Palembang1900 | BI5: =S5&AW5&AD5 -> SMA Negeri 16 Palembang1900 | BJ5: =S5&AX5&AD5 -> SMA Negeri 16 Palembang1900 | BK5: =S5&AY5&AD5 -> SMA Negeri 16 Palembang1900 | BL5: =S5&AZ5&AD5 -> SMA Negeri 16 Palembang1900 | BM5: =S5&BA5&AD5 -> SMA Negeri 16 Palembang1900 | BN5: =S5&BB5&AD5 -> SMA Negeri 16 Palembang1900 | BO5: =S5&BC5&AD5 -> SMA Negeri 16 Palembang1900
B6: 5430 | D6: 5431 | E6: 6 | F6: Maret | G6: 2026 | H6: =VLOOKUP(F6,MASTER!$B$2:$C$13,2,FALSE) -> III | I6: Pemberian Izin Melakukan Field Project | J6: 0359/UN9.FK/SB2.AF.AF1/2026 | K6: 23 Februari 2026 | L6: Dekan Fakultas Kedokteran Universitas Sriwijaya | M6: Izin Melakukan Field Project | O6: Najma Adnine Shahab | P6: 04041282328057 | Q6: NIM | R6: Program Studi Psikologi Fakultas Kedokteran Universitas Sriwijaya | S6: SMA Negeri 16 Palembang | T6: =IF(Q6="NIM","Mahasiswa","Peserta Didik") -> Mahasiswa | U6: Universitas Sriwijaya | Z6: SELESAI | AA6: =IF(ISNA(MATCH(O6,SERTIFIKAT!$G$2:$G$237,0)),"","SERTIFIKAT SELESAI") | AB6: =MONTH(V6) -> 1 | AC6: =MONTH(W6) -> 1 | AD6: =YEAR(V6) -> 1900 | AE6: =YEAR(W6) -> 1900 | AF6: =AB6 -> 1 | AG6: =AF6+1 -> 2 | AH6: =AG6+1 -> 3 | AI6: =AH6+1 -> 4 | AJ6: =AI6+1 -> 5 | AK6: =AJ6+1 -> 6 | AL6: =AK6+1 -> 7 | AM6: =AL6+1 -> 8 | AN6: =AM6+1 -> 9 | ... AQ6: =AP6+1 -> 12 | AR6: =IF(AF6<AC6+1,AF6,"") -> 1 | AS6: =IF(AG6<AC6+1,AG6,"") | AT6: =IF(AH6<AC6+1,AH6,"") | AU6: =IF(AI6<AC6+1,AI6,"") | AV6: =IF(AJ6<AC6+1,AJ6,"") | AW6: =IF(AK6<AC6+1,AK6,"") | AX6: =IF(AL6<AC6+1,AL6,"") | AY6: =IF(AM6<AC6+1,AM6,"") | AZ6: =IF(AN6<AC6+1,AN6,"") | BA6: =IF(AO6<AC6+1,AO6,"") | BB6: =IF(AP6<AC6+1,AP6,"") | BC6: =IF(AQ6<AC6+1,AQ6,"") | BD6: =S6&AR6&AD6 -> SMA Negeri 16 Palembang11900 | BE6: =S6&AS6&AD6 -> SMA Negeri 16 Palembang1900 | BF6: =S6&AT6&AD6 -> SMA Negeri 16 Palembang1900 | BG6: =S6&AU6&AD6 -> SMA Negeri 16 Palembang1900 | BH6: =S6&AV6&AD6 -> SMA Negeri 16 Palembang1900 | BI6: =S6&AW6&AD6 -> SMA Negeri 16 Palembang1900 | BJ6: =S6&AX6&AD6 -> SMA Negeri 16 Palembang1900 | BK6: =S6&AY6&AD6 -> SMA Negeri 16 Palembang1900 | BL6: =S6&AZ6&AD6 -> SMA Negeri 16 Palembang1900 | BM6: =S6&BA6&AD6 -> SMA Negeri 16 Palembang1900 | BN6: =S6&BB6&AD6 -> SMA Negeri 16 Palembang1900 | BO6: =S6&BC6&AD6 -> SMA Negeri 16 Palembang1900
A7: 1 | O7: Yunita | Q7: NIM | S7: Subbagian Umum dan Kepegawaian | T7: =IF(Q7="NIM","Mahasiswa","Peserta Didik") -> Mahasiswa | U7: STIA Bala Putra Dewa | V7: 10 April 2026 | W7: 10 Mei 2026 | AB7: =MONTH(V7) -> 4 | AC7: =MONTH(W7) -> 5 | AD7: =YEAR(V7) -> 2026 | AE7: =YEAR(W7) -> 2026 | AF7: =AB7 -> 4 | AG7: =AF7+1 -> 5 | AH7: =AG7+1 -> 6 | AI7: =AH7+1 -> 7 | AJ7: =AI7+1 -> 8 | AK7: =AJ7+1 -> 9 | AL7: =AK7+1 -> 10 | AM7: =AL7+1 -> 11 | AN7: =AM7+1 -> 12 | ... AQ7: =AP7+1 -> 15 | AR7: =IF(AF7<AC7+1,AF7,"") -> 4 | AS7: =IF(AG7<AC7+1,AG7,"") -> 5 | AT7: =IF(AH7<AC7+1,AH7,"") | AU7: =IF(AI7<AC7+1,AI7,"") | AV7: =IF(AJ7<AC7+1,AJ7,"") | AW7: =IF(AK7<AC7+1,AK7,"") | AX7: =IF(AL7<AC7+1,AL7,"") | AY7: =IF(AM7<AC7+1,AM7,"") | AZ7: =IF(AN7<AC7+1,AN7,"") | BA7: =IF(AO7<AC7+1,AO7,"") | BB7: =IF(AP7<AC7+1,AP7,"") | BC7: =IF(AQ7<AC7+1,AQ7,"") | BD7: =S7&AR7&AD7 -> Subbagian Umum dan Kepegawaian42026 | BE7: =S7&AS7&AD7 -> Subbagian Umum dan Kepegawaian52026 | BF7: =S7&AT7&AD7 -> Subbagian Umum dan Kepegawaian2026 | BG7: =S7&AU7&AD7 -> Subbagian Umum dan Kepegawaian2026 | BH7: =S7&AV7&AD7 -> Subbagian Umum dan Kepegawaian2026 | BI7: =S7&AW7&AD7 -> Subbagian Umum dan Kepegawaian2026 | BJ7: =S7&AX7&AD7 -> Subbagian Umum dan Kepegawaian2026 | BK7: =S7&AY7&AD7 -> Subbagian Umum dan Kepegawaian2026 | BL7: =S7&AZ7&AD7 -> Subbagian Umum dan Kepegawaian2026 | BM7: =S7&BA7&AD7 -> Subbagian Umum dan Kepegawaian2026 | BN7: =S7&BB7&AD7 -> Subbagian Umum dan Kepegawaian2026 | BO7: =S7&BC7&AD7 -> Subbagian Umum dan Kepegawaian2026
A8: 2 | O8: Sri Wulandari | P8: 22320220 | Q8: NIM | R8: S1 Ilmu Administrasi Negara | S8: Subbagian Umum dan Kepegawaian | T8: =IF(Q8="NIM","Mahasiswa","Peserta Didik") -> Mahasiswa | U8: STIA Bala Putra Dewa | V8: 10 April 2026 | W8: 10 Mei 2026 | AA8: =IF(ISNA(MATCH(O8,SERTIFIKAT!$G$2:$G$237,0)),"","SERTIFIKAT SELESAI") | AB8: =MONTH(V8) -> 4 | AC8: =MONTH(W8) -> 5 | AD8: =YEAR(V8) -> 2026 | AE8: =YEAR(W8) -> 2026 | AF8: =AB8 -> 4 | AG8: =AF8+1 -> 5 | AH8: =AG8+1 -> 6 | AI8: =AH8+1 -> 7 | AJ8: =AI8+1 -> 8 | AK8: =AJ8+1 -> 9 | AL8: =AK8+1 -> 10 | AM8: =AL8+1 -> 11 | AN8: =AM8+1 -> 12 | ... AQ8: =AP8+1 -> 15 | AR8: =IF(AF8<AC8+1,AF8,"") -> 4 | AS8: =IF(AG8<AC8+1,AG8,"") -> 5 | AT8: =IF(AH8<AC8+1,AH8,"") | AU8: =IF(AI8<AC8+1,AI8,"") | AV8: =IF(AJ8<AC8+1,AJ8,"") | AW8: =IF(AK8<AC8+1,AK8,"") | AX8: =IF(AL8<AC8+1,AL8,"") | AY8: =IF(AM8<AC8+1,AM8,"") | AZ8: =IF(AN8<AC8+1,AN8,"") | BA8: =IF(AO8<AC8+1,AO8,"") | BB8: =IF(AP8<AC8+1,AP8,"") | BC8: =IF(AQ8<AC8+1,AQ8,"") | BD8: =S8&AR8&AD8 -> Subbagian Umum dan Kepegawaian42026 | BE8: =S8&AS8&AD8 -> Subbagian Umum dan Kepegawaian52026 | BF8: =S8&AT8&AD8 -> Subbagian Umum dan Kepegawaian2026 | BG8: =S8&AU8&AD8 -> Subbagian Umum dan Kepegawaian2026 | BH8: =S8&AV8&AD8 -> Subbagian Umum dan Kepegawaian2026 | BI8: =S8&AW8&AD8 -> Subbagian Umum dan Kepegawaian2026 | BJ8: =S8&AX8&AD8 -> Subbagian Umum dan Kepegawaian2026 | BK8: =S8&AY8&AD8 -> Subbagian Umum dan Kepegawaian2026 | BL8: =S8&AZ8&AD8 -> Subbagian Umum dan Kepegawaian2026 | BM8: =S8&BA8&AD8 -> Subbagian Umum dan Kepegawaian2026 | BN8: =S8&BB8&AD8 -> Subbagian Umum dan Kepegawaian2026 | BO8: =S8&BC8&AD8 -> Subbagian Umum dan Kepegawaian2026
A9: 3 | O9: M. Galang Ramadhan | Q9: NIS | S9: Subbagian Keuangan | T9: =IF(Q9="NIM","Mahasiswa","Peserta Didik") -> Peserta Didik | U9: SMKN BAKTI IBU 3 | V9: 02 Februari 2026 | W9: 04 Mei 2026 | AA9: =IF(ISNA(MATCH(O9,SERTIFIKAT!$G$2:$G$237,0)),"","SERTIFIKAT SELESAI") | AB9: =MONTH(V9) -> 2 | AC9: =MONTH(W9) -> 5 | AD9: =YEAR(V9) -> 2026 | AE9: =YEAR(W9) -> 2026 | AF9: =AB9 -> 2 | AG9: =AF9+1 -> 3 | AH9: =AG9+1 -> 4 | AI9: =AH9+1 -> 5 | AJ9: =AI9+1 -> 6 | AK9: =AJ9+1 -> 7 | AL9: =AK9+1 -> 8 | AM9: =AL9+1 -> 9 | AN9: =AM9+1 -> 10 | ... AQ9: =AP9+1 -> 13 | AR9: =IF(AF9<AC9+1,AF9,"") -> 2 | AS9: =IF(AG9<AC9+1,AG9,"") -> 3 | AT9: =IF(AH9<AC9+1,AH9,"") -> 4 | AU9: =IF(AI9<AC9+1,AI9,"") -> 5 | AV9: =IF(AJ9<AC9+1,AJ9,"") | AW9: =IF(AK9<AC9+1,AK9,"") | AX9: =IF(AL9<AC9+1,AL9,"") | AY9: =IF(AM9<AC9+1,AM9,"") | AZ9: =IF(AN9<AC9+1,AN9,"") | BA9: =IF(AO9<AC9+1,AO9,"") | BB9: =IF(AP9<AC9+1,AP9,"") | BC9: =IF(AQ9<AC9+1,AQ9,"") | BD9: =S9&AR9&AD9 -> Subbagian Keuangan22026 | BE9: =S9&AS9&AD9 -> Subbagian Keuangan32026 | BF9: =S9&AT9&AD9 -> Subbagian Keuangan42026 | BG9: =S9&AU9&AD9 -> Subbagian Keuangan52026 | BH9: =S9&AV9&AD9 -> Subbagian Keuangan2026 | BI9: =S9&AW9&AD9 -> Subbagian Keuangan2026 | BJ9: =S9&AX9&AD9 -> Subbagian Keuangan2026 | BK9: =S9&AY9&AD9 -> Subbagian Keuangan2026 | BL9: =S9&AZ9&AD9 -> Subbagian Keuangan2026 | BM9: =S9&BA9&AD9 -> Subbagian Keuangan2026 | BN9: =S9&BB9&AD9 -> Subbagian Keuangan2026 | BO9: =S9&BC9&AD9 -> Subbagian Keuangan2026
A10: 4 | O10: Nanda Dimas Firmansyah | Q10: NIS | S10: Seksi Peserta Didik SMK | T10: =IF(Q10="NIM","Mahasiswa","Peserta Didik") -> Peserta Didik | U10: SMKN BAKTI IBU 3 | V10: 02 Februari 2026 | W10: 04 Mei 2026 | AA10: =IF(ISNA(MATCH(O10,SERTIFIKAT!$G$2:$G$237,0)),"","SERTIFIKAT SELESAI") | AB10: =MONTH(V10) -> 2 | AC10: =MONTH(W10) -> 5 | AD10: =YEAR(V10) -> 2026 | AE10: =YEAR(W10) -> 2026 | AF10: =AB10 -> 2 | AG10: =AF10+1 -> 3 | AH10: =AG10+1 -> 4 | AI10: =AH10+1 -> 5 | AJ10: =AI10+1 -> 6 | AK10: =AJ10+1 -> 7 | AL10: =AK10+1 -> 8 | AM10: =AL10+1 -> 9 | AN10: =AM10+1 -> 10 | ... AQ10: =AP10+1 -> 13 | AR10: =IF(AF10<AC10+1,AF10,"") -> 2 | AS10: =IF(AG10<AC10+1,AG10,"") -> 3 | AT10: =IF(AH10<AC10+1,AH10,"") -> 4 | AU10: =IF(AI10<AC10+1,AI10,"") -> 5 | AV10: =IF(AJ10<AC10+1,AJ10,"") | AW10: =IF(AK10<AC10+1,AK10,"") | AX10: =IF(AL10<AC10+1,AL10,"") | AY10: =IF(AM10<AC10+1,AM10,"") | AZ10: =IF(AN10<AC10+1,AN10,"") | BA10: =IF(AO10<AC10+1,AO10,"") | BB10: =IF(AP10<AC10+1,AP10,"") | BC10: =IF(AQ10<AC10+1,AQ10,"") | BD10: =S10&AR10&AD10 -> Seksi Peserta Didik SMK22026 | BE10: =S10&AS10&AD10 -> Seksi Peserta Didik SMK32026 | BF10: =S10&AT10&AD10 -> Seksi Peserta Didik SMK42026 | BG10: =S10&AU10&AD10 -> Seksi Peserta Didik SMK52026 | BH10: =S10&AV10&AD10 -> Seksi Peserta Didik SMK2026 | BI10: =S10&AW10&AD10 -> Seksi Peserta Didik SMK2026 | BJ10: =S10&AX10&AD10 -> Seksi Peserta Didik SMK2026 | BK10: =S10&AY10&AD10 -> Seksi Peserta Didik SMK2026 | BL10: =S10&AZ10&AD10 -> Seksi Peserta Didik SMK2026 | BM10: =S10&BA10&AD10 -> Seksi Peserta Didik SMK2026 | BN10: =S10&BB10&AD10 -> Seksi Peserta Didik SMK2026 | BO10: =S10&BC10&AD10 -> Seksi Peserta Didik SMK2026
A11: 5 | O11: Rapit Angga Saputra | Q11: NIS | S11: Seksi Peserta Didik SMK | T11: =IF(Q11="NIM","Mahasiswa","Peserta Didik") -> Peserta Didik | U11: SMKN BAKTI IBU 3 | V11: 02 Februari 2026 | W11: 04 Mei 2026 | AA11: =IF(ISNA(MATCH(O11,SERTIFIKAT!$G$2:$G$237,0)),"","SERTIFIKAT SELESAI") | AB11: =MONTH(V11) -> 2 | AC11: =MONTH(W11) -> 5 | AD11: =YEAR(V11) -> 2026 | AE11: =YEAR(W11) -> 2026 | AF11: =AB11 -> 2 | AG11: =AF11+1 -> 3 | AH11: =AG11+1 -> 4 | AI11: =AH11+1 -> 5 | AJ11: =AI11+1 -> 6 | AK11: =AJ11+1 -> 7 | AL11: =AK11+1 -> 8 | AM11: =AL11+1 -> 9 | AN11: =AM11+1 -> 10 | ... AQ11: =AP11+1 -> 13 | AR11: =IF(AF11<AC11+1,AF11,"") -> 2 | AS11: =IF(AG11<AC11+1,AG11,"") -> 3 | AT11: =IF(AH11<AC11+1,AH11,"") -> 4 | AU11: =IF(AI11<AC11+1,AI11,"") -> 5 | AV11: =IF(AJ11<AC11+1,AJ11,"") | AW11: =IF(AK11<AC11+1,AK11,"") | AX11: =IF(AL11<AC11+1,AL11,"") | AY11: =IF(AM11<AC11+1,AM11,"") | AZ11: =IF(AN11<AC11+1,AN11,"") | BA11: =IF(AO11<AC11+1,AO11,"") | BB11: =IF(AP11<AC11+1,AP11,"") | BC11: =IF(AQ11<AC11+1,AQ11,"") | BD11: =S11&AR11&AD11 -> Seksi Peserta Didik SMK22026 | BE11: =S11&AS11&AD11 -> Seksi Peserta Didik SMK32026 | BF11: =S11&AT11&AD11 -> Seksi Peserta Didik SMK42026 | BG11: =S11&AU11&AD11 -> Seksi Peserta Didik SMK52026 | BH11: =S11&AV11&AD11 -> Seksi Peserta Didik SMK2026 | BI11: =S11&AW11&AD11 -> Seksi Peserta Didik SMK2026 | BJ11: =S11&AX11&AD11 -> Seksi Peserta Didik SMK2026 | BK11: =S11&AY11&AD11 -> Seksi Peserta Didik SMK2026 | BL11: =S11&AZ11&AD11 -> Seksi Peserta Didik SMK2026 | BM11: =S11&BA11&AD11 -> Seksi Peserta Didik SMK2026 | BN11: =S11&BB11&AD11 -> Seksi Peserta Didik SMK2026 | BO11: =S11&BC11&AD11 -> Seksi Peserta Didik SMK2026
A12: 6 | O12: Satria Fahri Kencana | Q12: NIS | S12: Subbagian Keuangan | T12: =IF(Q12="NIM","Mahasiswa","Peserta Didik") -> Peserta Didik | U12: SMKN BAKTI IBU 3 | V12: 02 Februari 2026 | W12: 04 Mei 2026 | AA12: =IF(ISNA(MATCH(O12,SERTIFIKAT!$G$2:$G$237,0)),"","SERTIFIKAT SELESAI") | AB12: =MONTH(V12) -> 2 | AC12: =MONTH(W12) -> 5 | AD12: =YEAR(V12) -> 2026 | AE12: =YEAR(W12) -> 2026 | AF12: =AB12 -> 2 | AG12: =AF12+1 -> 3 | AH12: =AG12+1 -> 4 | AI12: =AH12+1 -> 5 | AJ12: =AI12+1 -> 6 | AK12: =AJ12+1 -> 7 | AL12: =AK12+1 -> 8 | AM12: =AL12+1 -> 9 | AN12: =AM12+1 -> 10 | ... AQ12: =AP12+1 -> 13 | AR12: =IF(AF12<AC12+1,AF12,"") -> 2 | AS12: =IF(AG12<AC12+1,AG12,"") -> 3 | AT12: =IF(AH12<AC12+1,AH12,"") -> 4 | AU12: =IF(AI12<AC12+1,AI12,"") -> 5 | AV12: =IF(AJ12<AC12+1,AJ12,"") | AW12: =IF(AK12<AC12+1,AK12,"") | AX12: =IF(AL12<AC12+1,AL12,"") | AY12: =IF(AM12<AC12+1,AM12,"") | AZ12: =IF(AN12<AC12+1,AN12,"") | BA12: =IF(AO12<AC12+1,AO12,"") | BB12: =IF(AP12<AC12+1,AP12,"") | BC12: =IF(AQ12<AC12+1,AQ12,"") | BD12: =S12&AR12&AD12 -> Subbagian Keuangan22026 | BE12: =S12&AS12&AD12 -> Subbagian Keuangan32026 | BF12: =S12&AT12&AD12 -> Subbagian Keuangan42026 | BG12: =S12&AU12&AD12 -> Subbagian Keuangan52026 | BH12: =S12&AV12&AD12 -> Subbagian Keuangan2026 | BI12: =S12&AW12&AD12 -> Subbagian Keuangan2026 | BJ12: =S12&AX12&AD12 -> Subbagian Keuangan2026 | BK12: =S12&AY12&AD12 -> Subbagian Keuangan2026 | BL12: =S12&AZ12&AD12 -> Subbagian Keuangan2026 | BM12: =S12&BA12&AD12 -> Subbagian Keuangan2026 | BN12: =S12&BB12&AD12 -> Subbagian Keuangan2026 | BO12: =S12&BC12&AD12 -> Subbagian Keuangan2026
A13: 7 | O13: Keysha Amanda Dinanti | Q13: NIS | S13: Seksi Tugas Pembantuan | T13: =IF(Q13="NIM","Mahasiswa","Peserta Didik") -> Peserta Didik | U13: SMKN BAKTI IBU 3 | V13: 02 Februari 2026 | W13: 04 Mei 2026 | AA13: =IF(ISNA(MATCH(O13,SERTIFIKAT!$G$2:$G$237,0)),"","SERTIFIKAT SELESAI") | AB13: =MONTH(V13) -> 2 | AC13: =MONTH(W13) -> 5 | AD13: =YEAR(V13) -> 2026 | AE13: =YEAR(W13) -> 2026 | AF13: =AB13 -> 2 | AG13: =AF13+1 -> 3 | AH13: =AG13+1 -> 4 | AI13: =AH13+1 -> 5 | AJ13: =AI13+1 -> 6 | AK13: =AJ13+1 -> 7 | AL13: =AK13+1 -> 8 | AM13: =AL13+1 -> 9 | AN13: =AM13+1 -> 10 | ... AQ13: =AP13+1 -> 13 | AR13: =IF(AF13<AC13+1,AF13,"") -> 2 | AS13: =IF(AG13<AC13+1,AG13,"") -> 3 | AT13: =IF(AH13<AC13+1,AH13,"") -> 4 | AU13: =IF(AI13<AC13+1,AI13,"") -> 5 | AV13: =IF(AJ13<AC13+1,AJ13,"") | AW13: =IF(AK13<AC13+1,AK13,"") | AX13: =IF(AL13<AC13+1,AL13,"") | AY13: =IF(AM13<AC13+1,AM13,"") | AZ13: =IF(AN13<AC13+1,AN13,"") | BA13: =IF(AO13<AC13+1,AO13,"") | BB13: =IF(AP13<AC13+1,AP13,"") | BC13: =IF(AQ13<AC13+1,AQ13,"") | BD13: =S13&AR13&AD13 -> Seksi Tugas Pembantuan22026 | BE13: =S13&AS13&AD13 -> Seksi Tugas Pembantuan32026 | BF13: =S13&AT13&AD13 -> Seksi Tugas Pembantuan42026 | BG13: =S13&AU13&AD13 -> Seksi Tugas Pembantuan52026 | BH13: =S13&AV13&AD13 -> Seksi Tugas Pembantuan2026 | BI13: =S13&AW13&AD13 -> Seksi Tugas Pembantuan2026 | BJ13: =S13&AX13&AD13 -> Seksi Tugas Pembantuan2026 | BK13: =S13&AY13&AD13 -> Seksi Tugas Pembantuan2026 | BL13: =S13&AZ13&AD13 -> Seksi Tugas Pembantuan2026 | BM13: =S13&BA13&AD13 -> Seksi Tugas Pembantuan2026 | BN13: =S13&BB13&AD13 -> Seksi Tugas Pembantuan2026 | BO13: =S13&BC13&AD13 -> Seksi Tugas Pembantuan2026
A14: 8 | O14: Meli Nabila Sasia | Q14: NIS | S14: SAPRAS | T14: =IF(Q14="NIM","Mahasiswa","Peserta Didik") -> Peserta Didik | U14: SMKN BAKTI IBU 3 | V14: 02 Februari 2026 | W14: 04 Mei 2026 | AA14: =IF(ISNA(MATCH(O14,SERTIFIKAT!$G$2:$G$237,0)),"","SERTIFIKAT SELESAI") | AB14: =MONTH(V14) -> 2 | AC14: =MONTH(W14) -> 5 | AD14: =YEAR(V14) -> 2026 | AE14: =YEAR(W14) -> 2026 | AF14: =AB14 -> 2 | AG14: =AF14+1 -> 3 | AH14: =AG14+1 -> 4 | AI14: =AH14+1 -> 5 | AJ14: =AI14+1 -> 6 | AK14: =AJ14+1 -> 7 | AL14: =AK14+1 -> 8 | AM14: =AL14+1 -> 9 | AN14: =AM14+1 -> 10 | ... AQ14: =AP14+1 -> 13 | AR14: =IF(AF14<AC14+1,AF14,"") -> 2 | AS14: =IF(AG14<AC14+1,AG14,"") -> 3 | AT14: =IF(AH14<AC14+1,AH14,"") -> 4 | AU14: =IF(AI14<AC14+1,AI14,"") -> 5 | AV14: =IF(AJ14<AC14+1,AJ14,"") | AW14: =IF(AK14<AC14+1,AK14,"") | AX14: =IF(AL14<AC14+1,AL14,"") | AY14: =IF(AM14<AC14+1,AM14,"") | AZ14: =IF(AN14<AC14+1,AN14,"") | BA14: =IF(AO14<AC14+1,AO14,"") | BB14: =IF(AP14<AC14+1,AP14,"") | BC14: =IF(AQ14<AC14+1,AQ14,"") | BD14: =S14&AR14&AD14 -> SAPRAS 22026 | BE14: =S14&AS14&AD14 -> SAPRAS 32026 | BF14: =S14&AT14&AD14 -> SAPRAS 42026 | BG14: =S14&AU14&AD14 -> SAPRAS 52026 | BH14: =S14&AV14&AD14 -> SAPRAS 2026 | BI14: =S14&AW14&AD14 -> SAPRAS 2026 | BJ14: =S14&AX14&AD14 -> SAPRAS 2026 | BK14: =S14&AY14&AD14 -> SAPRAS 2026 | BL14: =S14&AZ14&AD14 -> SAPRAS 2026 | BM14: =S14&BA14&AD14 -> SAPRAS 2026 | BN14: =S14&BB14&AD14 -> SAPRAS 2026 | BO14: =S14&BC14&AD14 -> SAPRAS 2026
A15: 9 | O15: Nadia Adinda Riyanti | Q15: NIS | S15: Seksi Kurikulum dan Peserta Didik | T15: =IF(Q15="NIM","Mahasiswa","Peserta Didik") -> Peserta Didik | U15: SMKN BAKTI IBU 3 | V15: 02 Februari 2026 | W15: 04 Mei 2026 | AA15: =IF(ISNA(MATCH(O15,SERTIFIKAT!$G$2:$G$237,0)),"","SERTIFIKAT SELESAI") | AB15: =MONTH(V15) -> 2 | AC15: =MONTH(W15) -> 5 | AD15: =YEAR(V15) -> 2026 | AE15: =YEAR(W15) -> 2026 | AF15: =AB15 -> 2 | AG15: =AF15+1 -> 3 | AH15: =AG15+1 -> 4 | AI15: =AH15+1 -> 5 | AJ15: =AI15+1 -> 6 | AK15: =AJ15+1 -> 7 | AL15: =AK15+1 -> 8 | AM15: =AL15+1 -> 9 | AN15: =AM15+1 -> 10 | ... AQ15: =AP15+1 -> 13 | AR15: =IF(AF15<AC15+1,AF15,"") -> 2 | AS15: =IF(AG15<AC15+1,AG15,"") -> 3 | AT15: =IF(AH15<AC15+1,AH15,"") -> 4 | AU15: =IF(AI15<AC15+1,AI15,"") -> 5 | AV15: =IF(AJ15<AC15+1,AJ15,"") | AW15: =IF(AK15<AC15+1,AK15,"") | AX15: =IF(AL15<AC15+1,AL15,"") | AY15: =IF(AM15<AC15+1,AM15,"") | AZ15: =IF(AN15<AC15+1,AN15,"") | BA15: =IF(AO15<AC15+1,AO15,"") | BB15: =IF(AP15<AC15+1,AP15,"") | BC15: =IF(AQ15<AC15+1,AQ15,"") | BD15: =S15&AR15&AD15 -> Seksi Kurikulum dan Peserta Didik22026 | BE15: =S15&AS15&AD15 -> Seksi Kurikulum dan Peserta Didik32026 | BF15: =S15&AT15&AD15 -> Seksi Kurikulum dan Peserta Didik42026 | BG15: =S15&AU15&AD15 -> Seksi Kurikulum dan Peserta Didik52026 | BH15: =S15&AV15&AD15 -> Seksi Kurikulum dan Peserta Didik2026 | BI15: =S15&AW15&AD15 -> Seksi Kurikulum dan Peserta Didik2026 | BJ15: =S15&AX15&AD15 -> Seksi Kurikulum dan Peserta Didik2026 | BK15: =S15&AY15&AD15 -> Seksi Kurikulum dan Peserta Didik2026 | BL15: =S15&AZ15&AD15 -> Seksi Kurikulum dan Peserta Didik2026 | BM15: =S15&BA15&AD15 -> Seksi Kurikulum dan Peserta Didik2026 | BN15: =S15&BB15&AD15 -> Seksi Kurikulum dan Peserta Didik2026 | BO15: =S15&BC15&AD15 -> Seksi Kurikulum dan Peserta Didik2026
A16: 10 | O16: Silvi Ramalia | Q16: NIS | S16: Seksi Kurikulum dan Peserta Didik | T16: =IF(Q16="NIM","Mahasiswa","Peserta Didik") -> Peserta Didik | U16: SMKN BAKTI IBU 3 | V16: 02 Februari 2026 | W16: 04 Mei 2026 | AA16: =IF(ISNA(MATCH(O16,SERTIFIKAT!$G$2:$G$237,0)),"","SERTIFIKAT SELESAI") | AB16: =MONTH(V16) -> 2 | AC16: =MONTH(W16) -> 5 | AD16: =YEAR(V16) -> 2026 | AE16: =YEAR(W16) -> 2026 | AF16: =AB16 -> 2 | AG16: =AF16+1 -> 3 | AH16: =AG16+1 -> 4 | AI16: =AH16+1 -> 5 | AJ16: =AI16+1 -> 6 | AK16: =AJ16+1 -> 7 | AL16: =AK16+1 -> 8 | AM16: =AL16+1 -> 9 | AN16: =AM16+1 -> 10 | ... AQ16: =AP16+1 -> 13 | AR16: =IF(AF16<AC16+1,AF16,"") -> 2 | AS16: =IF(AG16<AC16+1,AG16,"") -> 3 | AT16: =IF(AH16<AC16+1,AH16,"") -> 4 | AU16: =IF(AI16<AC16+1,AI16,"") -> 5 | AV16: =IF(AJ16<AC16+1,AJ16,"") | AW16: =IF(AK16<AC16+1,AK16,"") | AX16: =IF(AL16<AC16+1,AL16,"") | AY16: =IF(AM16<AC16+1,AM16,"") | AZ16: =IF(AN16<AC16+1,AN16,"") | BA16: =IF(AO16<AC16+1,AO16,"") | BB16: =IF(AP16<AC16+1,AP16,"") | BC16: =IF(AQ16<AC16+1,AQ16,"") | BD16: =S16&AR16&AD16 -> Seksi Kurikulum dan Peserta Didik22026 | BE16: =S16&AS16&AD16 -> Seksi Kurikulum dan Peserta Didik32026 | BF16: =S16&AT16&AD16 -> Seksi Kurikulum dan Peserta Didik42026 | BG16: =S16&AU16&AD16 -> Seksi Kurikulum dan Peserta Didik52026 | BH16: =S16&AV16&AD16 -> Seksi Kurikulum dan Peserta Didik2026 | BI16: =S16&AW16&AD16 -> Seksi Kurikulum dan Peserta Didik2026 | BJ16: =S16&AX16&AD16 -> Seksi Kurikulum dan Peserta Didik2026 | BK16: =S16&AY16&AD16 -> Seksi Kurikulum dan Peserta Didik2026 | BL16: =S16&AZ16&AD16 -> Seksi Kurikulum dan Peserta Didik2026 | BM16: =S16&BA16&AD16 -> Seksi Kurikulum dan Peserta Didik2026 | BN16: =S16&BB16&AD16 -> Seksi Kurikulum dan Peserta Didik2026 | BO16: =S16&BC16&AD16 -> Seksi Kurikulum dan Peserta Didik2026
A17: 11 | O17: Ahmad Nurdin | Q17: NIM | S17: Subbagian Perencanaan Evaluasi dan Pelaporan | T17: =IF(Q17="NIM","Mahasiswa","Peserta Didik") -> Mahasiswa | U17: POLSRI | V17: 09 Februari 2026 | W17: 12 Juni 2026 | AA17: =IF(ISNA(MATCH(O17,SERTIFIKAT!$G$2:$G$237,0)),"","SERTIFIKAT SELESAI") | AB17: =MONTH(V17) -> 2 | AC17: =MONTH(W17) -> 6 | AD17: =YEAR(V17) -> 2026 | AE17: =YEAR(W17) -> 2026 | AF17: =AB17 -> 2 | AG17: =AF17+1 -> 3 | AH17: =AG17+1 -> 4 | AI17: =AH17+1 -> 5 | AJ17: =AI17+1 -> 6 | AK17: =AJ17+1 -> 7 | AL17: =AK17+1 -> 8 | AM17: =AL17+1 -> 9 | AN17: =AM17+1 -> 10 | ... AQ17: =AP17+1 -> 13 | AR17: =IF(AF17<AC17+1,AF17,"") -> 2 | AS17: =IF(AG17<AC17+1,AG17,"") -> 3 | AT17: =IF(AH17<AC17+1,AH17,"") -> 4 | AU17: =IF(AI17<AC17+1,AI17,"") -> 5 | AV17: =IF(AJ17<AC17+1,AJ17,"") -> 6 | AW17: =IF(AK17<AC17+1,AK17,"") | AX17: =IF(AL17<AC17+1,AL17,"") | AY17: =IF(AM17<AC17+1,AM17,"") | AZ17: =IF(AN17<AC17+1,AN17,"") | BA17: =IF(AO17<AC17+1,AO17,"") | BB17: =IF(AP17<AC17+1,AP17,"") | BC17: =IF(AQ17<AC17+1,AQ17,"") | BD17: =S17&AR17&AD17 -> Subbagian Perencanaan Evaluasi dan Pelaporan22026 | BE17: =S17&AS17&AD17 -> Subbagian Perencanaan Evaluasi dan Pelaporan32026 | BF17: =S17&AT17&AD17 -> Subbagian Perencanaan Evaluasi dan Pelaporan42026 | BG17: =S17&AU17&AD17 -> Subbagian Perencanaan Evaluasi dan Pelaporan52026 | BH17: =S17&AV17&AD17 -> Subbagian Perencanaan Evaluasi dan Pelaporan62026 | BI17: =S17&AW17&AD17 -> Subbagian Perencanaan Evaluasi dan Pelaporan2026 | BJ17: =S17&AX17&AD17 -> Subbagian Perencanaan Evaluasi dan Pelaporan2026 | BK17: =S17&AY17&AD17 -> Subbagian Perencanaan Evaluasi dan Pelaporan2026 | BL17: =S17&AZ17&AD17 -> Subbagian Perencanaan Evaluasi dan Pelaporan2026 | BM17: =S17&BA17&AD17 -> Subbagian Perencanaan Evaluasi dan Pelaporan2026 | BN17: =S17&BB17&AD17 -> Subbagian Perencanaan Evaluasi dan Pelaporan2026 | BO17: =S17&BC17&AD17 -> Subbagian Perencanaan Evaluasi dan Pelaporan2026
A18: 12 | O18: M. Arif Kurniawan | Q18: NIM | S18: Subbagian Keuangan | T18: =IF(Q18="NIM","Mahasiswa","Peserta Didik") -> Mahasiswa | U18: POLSRI | V18: 09 Februari 2026 | W18: 12 Juni 2026 | AA18: =IF(ISNA(MATCH(O18,SERTIFIKAT!$G$2:$G$237,0)),"","SERTIFIKAT SELESAI") | AB18: =MONTH(V18) -> 2 | AC18: =MONTH(W18) -> 6 | AD18: =YEAR(V18) -> 2026 | AE18: =YEAR(W18) -> 2026 | AF18: =AB18 -> 2 | AG18: =AF18+1 -> 3 | AH18: =AG18+1 -> 4 | AI18: =AH18+1 -> 5 | AJ18: =AI18+1 -> 6 | AK18: =AJ18+1 -> 7 | AL18: =AK18+1 -> 8 | AM18: =AL18+1 -> 9 | AN18: =AM18+1 -> 10 | ... AQ18: =AP18+1 -> 13 | AR18: =IF(AF18<AC18+1,AF18,"") -> 2 | AS18: =IF(AG18<AC18+1,AG18,"") -> 3 | AT18: =IF(AH18<AC18+1,AH18,"") -> 4 | AU18: =IF(AI18<AC18+1,AI18,"") -> 5 | AV18: =IF(AJ18<AC18+1,AJ18,"") -> 6 | AW18: =IF(AK18<AC18+1,AK18,"") | AX18: =IF(AL18<AC18+1,AL18,"") | AY18: =IF(AM18<AC18+1,AM18,"") | AZ18: =IF(AN18<AC18+1,AN18,"") | BA18: =IF(AO18<AC18+1,AO18,"") | BB18: =IF(AP18<AC18+1,AP18,"") | BC18: =IF(AQ18<AC18+1,AQ18,"") | BD18: =S18&AR18&AD18 -> Subbagian Keuangan22026 | BE18: =S18&AS18&AD18 -> Subbagian Keuangan32026 | BF18: =S18&AT18&AD18 -> Subbagian Keuangan42026 | BG18: =S18&AU18&AD18 -> Subbagian Keuangan52026 | BH18: =S18&AV18&AD18 -> Subbagian Keuangan62026 | BI18: =S18&AW18&AD18 -> Subbagian Keuangan2026 | BJ18: =S18&AX18&AD18 -> Subbagian Keuangan2026 | BK18: =S18&AY18&AD18 -> Subbagian Keuangan2026 | BL18: =S18&AZ18&AD18 -> Subbagian Keuangan2026 | BM18: =S18&BA18&AD18 -> Subbagian Keuangan2026 | BN18: =S18&BB18&AD18 -> Subbagian Keuangan2026 | BO18: =S18&BC18&AD18 -> Subbagian Keuangan2026
A19: 13 | O19: Muhammad Hazel S. | Q19: NIM | S19: Seksi PTK SMA | T19: =IF(Q19="NIM","Mahasiswa","Peserta Didik") -> Mahasiswa | U19: POLSRI | V19: 09 Februari 2026 | W19: 12 Juni 2026 | AA19: =IF(ISNA(MATCH(O19,SERTIFIKAT!$G$2:$G$237,0)),"","SERTIFIKAT SELESAI") | AB19: =MONTH(V19) -> 2 | AC19: =MONTH(W19) -> 6 | AD19: =YEAR(V19) -> 2026 | AE19: =YEAR(W19) -> 2026 | AF19: =AB19 -> 2 | AG19: =AF19+1 -> 3 | AH19: =AG19+1 -> 4 | AI19: =AH19+1 -> 5 | AJ19: =AI19+1 -> 6 | AK19: =AJ19+1 -> 7 | AL19: =AK19+1 -> 8 | AM19: =AL19+1 -> 9 | AN19: =AM19+1 -> 10 | ... AQ19: =AP19+1 -> 13 | AR19: =IF(AF19<AC19+1,AF19,"") -> 2 | AS19: =IF(AG19<AC19+1,AG19,"") -> 3 | AT19: =IF(AH19<AC19+1,AH19,"") -> 4 | AU19: =IF(AI19<AC19+1,AI19,"") -> 5 | AV19: =IF(AJ19<AC19+1,AJ19,"") -> 6 | AW19: =IF(AK19<AC19+1,AK19,"") | AX19: =IF(AL19<AC19+1,AL19,"") | AY19: =IF(AM19<AC19+1,AM19,"") | AZ19: =IF(AN19<AC19+1,AN19,"") | BA19: =IF(AO19<AC19+1,AO19,"") | BB19: =IF(AP19<AC19+1,AP19,"") | BC19: =IF(AQ19<AC19+1,AQ19,"") | BD19: =S19&AR19&AD19 -> Seksi PTK SMA22026 | BE19: =S19&AS19&AD19 -> Seksi PTK SMA32026 | BF19: =S19&AT19&AD19 -> Seksi PTK SMA42026 | BG19: =S19&AU19&AD19 -> Seksi PTK SMA52026 | BH19: =S19&AV19&AD19 -> Seksi PTK SMA62026 | BI19: =S19&AW19&AD19 -> Seksi PTK SMA2026 | BJ19: =S19&AX19&AD19 -> Seksi PTK SMA2026 | BK19: =S19&AY19&AD19 -> Seksi PTK SMA2026 | BL19: =S19&AZ19&AD19 -> Seksi PTK SMA2026 | BM19: =S19&BA19&AD19 -> Seksi PTK SMA2026 | BN19: =S19&BB19&AD19 -> Seksi PTK SMA2026 | BO19: =S19&BC19&AD19 -> Seksi PTK SMA2026
A20: 14 | O20: M. Ibnu Athailah F. | Q20: NIM | S20: Subbagian Perencanaan Evaluasi dan Pelaporan | T20: =IF(Q20="NIM","Mahasiswa","Peserta Didik") -> Mahasiswa | U20: POLSRI | V20: 09 Februari 2026 | W20: 12 Juni 2026 | AA20: =IF(ISNA(MATCH(O20,SERTIFIKAT!$G$2:$G$237,0)),"","SERTIFIKAT SELESAI") | AB20: =MONTH(V20) -> 2 | AC20: =MONTH(W20) -> 6 | AD20: =YEAR(V20) -> 2026 | AE20: =YEAR(W20) -> 2026 | AF20: =AB20 -> 2 | AG20: =AF20+1 -> 3 | AH20: =AG20+1 -> 4 | AI20: =AH20+1 -> 5 | AJ20: =AI20+1 -> 6 | AK20: =AJ20+1 -> 7 | AL20: =AK20+1 -> 8 | AM20: =AL20+1 -> 9 | AN20: =AM20+1 -> 10 | ... AQ20: =AP20+1 -> 13 | AR20: =IF(AF20<AC20+1,AF20,"") -> 2 | AS20: =IF(AG20<AC20+1,AG20,"") -> 3 | AT20: =IF(AH20<AC20+1,AH20,"") -> 4 | AU20: =IF(AI20<AC20+1,AI20,"") -> 5 | AV20: =IF(AJ20<AC20+1,AJ20,"") -> 6 | AW20: =IF(AK20<AC20+1,AK20,"") | AX20: =IF(AL20<AC20+1,AL20,"") | AY20: =IF(AM20<AC20+1,AM20,"") | AZ20: =IF(AN20<AC20+1,AN20,"") | BA20: =IF(AO20<AC20+1,AO20,"") | BB20: =IF(AP20<AC20+1,AP20,"") | BC20: =IF(AQ20<AC20+1,AQ20,"") | BD20: =S20&AR20&AD20 -> Subbagian Perencanaan Evaluasi dan Pelaporan22026 | BE20: =S20&AS20&AD20 -> Subbagian Perencanaan Evaluasi dan Pelaporan32026 | BF20: =S20&AT20&AD20 -> Subbagian Perencanaan Evaluasi dan Pelaporan42026 | BG20: =S20&AU20&AD20 -> Subbagian Perencanaan Evaluasi dan Pelaporan52026 | BH20: =S20&AV20&AD20 -> Subbagian Perencanaan Evaluasi dan Pelaporan62026 | BI20: =S20&AW20&AD20 -> Subbagian Perencanaan Evaluasi dan Pelaporan2026 | BJ20: =S20&AX20&AD20 -> Subbagian Perencanaan Evaluasi dan Pelaporan2026 | BK20: =S20&AY20&AD20 -> Subbagian Perencanaan Evaluasi dan Pelaporan2026 | BL20: =S20&AZ20&AD20 -> Subbagian Perencanaan Evaluasi dan Pelaporan2026 | BM20: =S20&BA20&AD20 -> Subbagian Perencanaan Evaluasi dan Pelaporan2026 | BN20: =S20&BB20&AD20 -> Subbagian Perencanaan Evaluasi dan Pelaporan2026 | BO20: =S20&BC20&AD20 -> Subbagian Perencanaan Evaluasi dan Pelaporan2026
... A24: 18 | O24: Restu Bernandy | Q24: NIM | S24: Subbagian Keuangan | T24: =IF(Q24="NIM","Mahasiswa","Peserta Didik") -> Mahasiswa | U24: POLSRI | V24: 09 Februari 2026 | W24: 12 Juni 2026 | AA24: =IF(ISNA(MATCH(O24,SERTIFIKAT!$G$2:$G$237,0)),"","SERTIFIKAT SELESAI") | AB24: =MONTH(V24) -> 2 | AC24: =MONTH(W24) -> 6 | AD24: =YEAR(V24) -> 2026 | AE24: =YEAR(W24) -> 2026 | AF24: =AB24 -> 2 | AG24: =AF24+1 -> 3 | AH24: =AG24+1 -> 4 | AI24: =AH24+1 -> 5 | AJ24: =AI24+1 -> 6 | AK24: =AJ24+1 -> 7 | AL24: =AK24+1 -> 8 | AM24: =AL24+1 -> 9 | AN24: =AM24+1 -> 10 | ... AQ24: =AP24+1 -> 13 | AR24: =IF(AF24<AC24+1,AF24,"") -> 2 | AS24: =IF(AG24<AC24+1,AG24,"") -> 3 | AT24: =IF(AH24<AC24+1,AH24,"") -> 4 | AU24: =IF(AI24<AC24+1,AI24,"") -> 5 | AV24: =IF(AJ24<AC24+1,AJ24,"") -> 6 | AW24: =IF(AK24<AC24+1,AK24,"") | AX24: =IF(AL24<AC24+1,AL24,"") | AY24: =IF(AM24<AC24+1,AM24,"") | AZ24: =IF(AN24<AC24+1,AN24,"") | BA24: =IF(AO24<AC24+1,AO24,"") | BB24: =IF(AP24<AC24+1,AP24,"") | BC24: =IF(AQ24<AC24+1,AQ24,"") | BD24: =S24&AR24&AD24 -> Subbagian Keuangan22026 | BE24: =S24&AS24&AD24 -> Subbagian Keuangan32026 | BF24: =S24&AT24&AD24 -> Subbagian Keuangan42026 | BG24: =S24&AU24&AD24 -> Subbagian Keuangan52026 | BH24: =S24&AV24&AD24 -> Subbagian Keuangan62026 | BI24: =S24&AW24&AD24 -> Subbagian Keuangan2026 | BJ24: =S24&AX24&AD24 -> Subbagian Keuangan2026 | BK24: =S24&AY24&AD24 -> Subbagian Keuangan2026 | BL24: =S24&AZ24&AD24 -> Subbagian Keuangan2026 | BM24: =S24&BA24&AD24 -> Subbagian Keuangan2026 | BN24: =S24&BB24&AD24 -> Subbagian Keuangan2026 | BO24: =S24&BC24&AD24 -> Subbagian Keuangan2026
O25: Wulan Priyatma Putri | P25: 42742 | Q25: NIS | R25: TKJ | S25: Seksi Kurikulum SMA | T25: =IF(Q25="NIM","Mahasiswa","Peserta Didik") -> Peserta Didik | U25: SMK Negeri 2 Palembang | V25: 20 Juli 2026 | W25: 06 Desember 2026 | AA25: =IF(ISNA(MATCH(O25,SERTIFIKAT!$G$2:$G$237,0)),"","SERTIFIKAT SELESAI") | AB25: =MONTH(V25) -> 7 | AC25: =MONTH(W25) -> 12 | AD25: =YEAR(V25) -> 2026 | AE25: =YEAR(W25) -> 2026 | AF25: =AB25 -> 7 | AG25: =AF25+1 -> 8 | AH25: =AG25+1 -> 9 | AI25: =AH25+1 -> 10 | AJ25: =AI25+1 -> 11 | AK25: =AJ25+1 -> 12 | AL25: =AK25+1 -> 13 | AM25: =AL25+1 -> 14 | AN25: =AM25+1 -> 15 | ... AQ25: =AP25+1 -> 18 | AR25: =IF(AF25<AC25+1,AF25,"") -> 7 | AS25: =IF(AG25<AC25+1,AG25,"") -> 8 | AT25: =IF(AH25<AC25+1,AH25,"") -> 9 | AU25: =IF(AI25<AC25+1,AI25,"") -> 10 | AV25: =IF(AJ25<AC25+1,AJ25,"") -> 11 | AW25: =IF(AK25<AC25+1,AK25,"") -> 12 | AX25: =IF(AL25<AC25+1,AL25,"") | AY25: =IF(AM25<AC25+1,AM25,"") | AZ25: =IF(AN25<AC25+1,AN25,"") | BA25: =IF(AO25<AC25+1,AO25,"") | BB25: =IF(AP25<AC25+1,AP25,"") | BC25: =IF(AQ25<AC25+1,AQ25,"") | BD25: =S25&AR25&AD25 -> Seksi Kurikulum SMA72026 | BE25: =S25&AS25&AD25 -> Seksi Kurikulum SMA82026 | BF25: =S25&AT25&AD25 -> Seksi Kurikulum SMA92026 | BG25: =S25&AU25&AD25 -> Seksi Kurikulum SMA102026 | BH25: =S25&AV25&AD25 -> Seksi Kurikulum SMA112026 | BI25: =S25&AW25&AD25 -> Seksi Kurikulum SMA122026 | BJ25: =S25&AX25&AD25 -> Seksi Kurikulum SMA2026 | BK25: =S25&AY25&AD25 -> Seksi Kurikulum SMA2026 | BL25: =S25&AZ25&AD25 -> Seksi Kurikulum SMA2026 | BM25: =S25&BA25&AD25 -> Seksi Kurikulum SMA2026 | BN25: =S25&BB25&AD25 -> Seksi Kurikulum SMA2026 | BO25: =S25&BC25&AD25 -> Seksi Kurikulum SMA2026
O26: Tiara Merva Mafira | P26: 42738 | Q26: NIS | R26: TKJ | S26: Seksi Peserta Didik SMA | T26: =IF(Q26="NIM","Mahasiswa","Peserta Didik") -> Peserta Didik | U26: SMK Negeri 2 Palembang | V26: 20 Juli 2026 | W26: 06 Desember 2026 | AA26: =IF(ISNA(MATCH(O26,SERTIFIKAT!$G$2:$G$237,0)),"","SERTIFIKAT SELESAI") | AB26: =MONTH(V26) -> 7 | AC26: =MONTH(W26) -> 12 | AD26: =YEAR(V26) -> 2026 | AE26: =YEAR(W26) -> 2026 | AF26: =AB26 -> 7 | AG26: =AF26+1 -> 8 | AH26: =AG26+1 -> 9 | AI26: =AH26+1 -> 10 | AJ26: =AI26+1 -> 11 | AK26: =AJ26+1 -> 12 | AL26: =AK26+1 -> 13 | AM26: =AL26+1 -> 14 | AN26: =AM26+1 -> 15 | ... AQ26: =AP26+1 -> 18 | AR26: =IF(AF26<AC26+1,AF26,"") -> 7 | AS26: =IF(AG26<AC26+1,AG26,"") -> 8 | AT26: =IF(AH26<AC26+1,AH26,"") -> 9 | AU26: =IF(AI26<AC26+1,AI26,"") -> 10 | AV26: =IF(AJ26<AC26+1,AJ26,"") -> 11 | AW26: =IF(AK26<AC26+1,AK26,"") -> 12 | AX26: =IF(AL26<AC26+1,AL26,"") | AY26: =IF(AM26<AC26+1,AM26,"") | AZ26: =IF(AN26<AC26+1,AN26,"") | BA26: =IF(AO26<AC26+1,AO26,"") | BB26: =IF(AP26<AC26+1,AP26,"") | BC26: =IF(AQ26<AC26+1,AQ26,"") | BD26: =S26&AR26&AD26 -> Seksi Peserta Didik SMA72026 | BE26: =S26&AS26&AD26 -> Seksi Peserta Didik SMA82026 | BF26: =S26&AT26&AD26 -> Seksi Peserta Didik SMA92026 | BG26: =S26&AU26&AD26 -> Seksi Peserta Didik SMA102026 | BH26: =S26&AV26&AD26 -> Seksi Peserta Didik SMA112026 | BI26: =S26&AW26&AD26 -> Seksi Peserta Didik SMA122026 | BJ26: =S26&AX26&AD26 -> Seksi Peserta Didik SMA2026 | BK26: =S26&AY26&AD26 -> Seksi Peserta Didik SMA2026 | BL26: =S26&AZ26&AD26 -> Seksi Peserta Didik SMA2026 | BM26: =S26&BA26&AD26 -> Seksi Peserta Didik SMA2026 | BN26: =S26&BB26&AD26 -> Seksi Peserta Didik SMA2026 | BO26: =S26&BC26&AD26 -> Seksi Peserta Didik SMA2026
B27: 6692 | C27: 6693 | E27: 14 | F27: April | G27: 2026 | H27: =VLOOKUP(F27,MASTER!$B$2:$C$13,2,FALSE) -> IV | I27: Praktek Kerja Lapangan | J27: 400.145.4/0738/Diskominfo/2026 | K27: 27 Maret 2026 | L27: Sekretaris Daerah | M27: Praktek Kerja Lapangan | N27: Kepala Program Studi Sistem Informasi UIN Raden Fatah Palembang | O27: M. Ezra Hilmidin Kafa | P27: 23051450187 | Q27: NIM | R27: Program Studi Sistem Informasi | S27: Subbagian Umum dan Kepegawaian | T27: =IF(Q27="NIM","Mahasiswa","Peserta Didik") -> Mahasiswa | U27: UIN Raden Fatah Palembang | V27: 14 April 2026 | W27: 14 Juli 2026 | X27: Kepala Dinas Kominfo Provinsi Sumatera Selatan | Y27: Kepala Program Studi Sistem Informasi UIN Raden Fatah Palembang | AA27: =IF(ISNA(MATCH(O27,SERTIFIKAT!$G$2:$G$237,0)),"","SERTIFIKAT SELESAI") | AB27: =MONTH(V27) -> 4 | AC27: =MONTH(W27) -> 7 | AD27: =YEAR(V27) -> 2026 | AE27: =YEAR(W27) -> 2026 | AF27: =AB27 -> 4 | AG27: =AF27+1 -> 5 | AH27: =AG27+1 -> 6 | AI27: =AH27+1 -> 7 | AJ27: =AI27+1 -> 8 | AK27: =AJ27+1 -> 9 | AL27: =AK27+1 -> 10 | AM27: =AL27+1 -> 11 | AN27: =AM27+1 -> 12 | ... AQ27: =AP27+1 -> 15 | AR27: =IF(AF27<AC27+1,AF27,"") -> 4 | AS27: =IF(AG27<AC27+1,AG27,"") -> 5 | AT27: =IF(AH27<AC27+1,AH27,"") -> 6 | AU27: =IF(AI27<AC27+1,AI27,"") -> 7 | AV27: =IF(AJ27<AC27+1,AJ27,"") | AW27: =IF(AK27<AC27+1,AK27,"") | AX27: =IF(AL27<AC27+1,AL27,"") | AY27: =IF(AM27<AC27+1,AM27,"") | AZ27: =IF(AN27<AC27+1,AN27,"") | BA27: =IF(AO27<AC27+1,AO27,"") | BB27: =IF(AP27<AC27+1,AP27,"") | BC27: =IF(AQ27<AC27+1,AQ27,"") | BD27: =S27&AR27&AD27 -> Subbagian Umum dan Kepegawaian42026 | BE27: =S27&AS27&AD27 -> Subbagian Umum dan Kepegawaian52026 | BF27: =S27&AT27&AD27 -> Subbagian Umum dan Kepegawaian62026 | BG27: =S27&AU27&AD27 -> Subbagian Umum dan Kepegawaian72026 | BH27: =S27&AV27&AD27 -> Subbagian Umum dan Kepegawaian2026 | BI27: =S27&AW27&AD27 -> Subbagian Umum dan Kepegawaian2026 | BJ27: =S27&AX27&AD27 -> Subbagian Umum dan Kepegawaian2026 | BK27: =S27&AY27&AD27 -> Subbagian Umum dan Kepegawaian2026 | BL27: =S27&AZ27&AD27 -> Subbagian Umum dan Kepegawaian2026 | BM27: =S27&BA27&AD27 -> Subbagian Umum dan Kepegawaian2026 | BN27: =S27&BB27&AD27 -> Subbagian Umum dan Kepegawaian2026 | BO27: =S27&BC27&AD27 -> Subbagian Umum dan Kepegawaian2026
B28: 6694 | C28: 6695 | E28: 14 | F28: April | G28: 2026 | H28: =VLOOKUP(F28,MASTER!$B$2:$C$13,2,FALSE) -> IV | I28: Praktek Kerja Lapangan | J28: 400.145.4/0738/Diskominfo/2026 | K28: 27 Maret 2026 | L28: Sekretaris Daerah | M28: Praktek Kerja Lapangan | N28: Kepala Program Studi Teknik Informatika Universitas Bina Darma Palembang | O28: Rahmat Yusuf | P28: 231420109 | Q28: NIM | R28: Program Studi Teknik Informatika | S28: Subbagian Perencanaan Evaluasi dan Pelaporan | T28: =IF(Q28="NIM","Mahasiswa","Peserta Didik") -> Mahasiswa | U28: Universitas Bina Darma Palembang | V28: 14 April 2026 | W28: 14 Juli 2026 | X28: Kepala Dinas Kominfo Provinsi Sumatera Selatan | Y28: Kepala Program Studi Teknik Informatika Universitas Bina Darma Palembang | AA28: =IF(ISNA(MATCH(O28,SERTIFIKAT!$G$2:$G$237,0)),"","SERTIFIKAT SELESAI") | AB28: =MONTH(V28) -> 4 | AC28: =MONTH(W28) -> 7 | AD28: =YEAR(V28) -> 2026 | AE28: =YEAR(W28) -> 2026 | AF28: =AB28 -> 4 | AG28: =AF28+1 -> 5 | AH28: =AG28+1 -> 6 | AI28: =AH28+1 -> 7 | AJ28: =AI28+1 -> 8 | AK28: =AJ28+1 -> 9 | AL28: =AK28+1 -> 10 | AM28: =AL28+1 -> 11 | AN28: =AM28+1 -> 12 | ... AQ28: =AP28+1 -> 15 | AR28: =IF(AF28<AC28+1,AF28,"") -> 4 | AS28: =IF(AG28<AC28+1,AG28,"") -> 5 | AT28: =IF(AH28<AC28+1,AH28,"") -> 6 | AU28: =IF(AI28<AC28+1,AI28,"") -> 7 | AV28: =IF(AJ28<AC28+1,AJ28,"") | AW28: =IF(AK28<AC28+1,AK28,"") | AX28: =IF(AL28<AC28+1,AL28,"") | AY28: =IF(AM28<AC28+1,AM28,"") | AZ28: =IF(AN28<AC28+1,AN28,"") | BA28: =IF(AO28<AC28+1,AO28,"") | BB28: =IF(AP28<AC28+1,AP28,"") | BC28: =IF(AQ28<AC28+1,AQ28,"") | BD28: =S28&AR28&AD28 -> Subbagian Perencanaan Evaluasi dan Pelaporan42026 | BE28: =S28&AS28&AD28 -> Subbagian Perencanaan Evaluasi dan Pelaporan52026 | BF28: =S28&AT28&AD28 -> Subbagian Perencanaan Evaluasi dan Pelaporan62026 | BG28: =S28&AU28&AD28 -> Subbagian Perencanaan Evaluasi dan Pelaporan72026 | BH28: =S28&AV28&AD28 -> Subbagian Perencanaan Evaluasi dan Pelaporan2026 | BI28: =S28&AW28&AD28 -> Subbagian Perencanaan Evaluasi dan Pelaporan2026 | BJ28: =S28&AX28&AD28 -> Subbagian Perencanaan Evaluasi dan Pelaporan2026 | BK28: =S28&AY28&AD28 -> Subbagian Perencanaan Evaluasi dan Pelaporan2026 | BL28: =S28&AZ28&AD28 -> Subbagian Perencanaan Evaluasi dan Pelaporan2026 | BM28: =S28&BA28&AD28 -> Subbagian Perencanaan Evaluasi dan Pelaporan2026 | BN28: =S28&BB28&AD28 -> Subbagian Perencanaan Evaluasi dan Pelaporan2026 | BO28: =S28&BC28&AD28 -> Subbagian Perencanaan Evaluasi dan Pelaporan2026
B29: 6694 | C29: 6695 | E29: 14 | F29: April | G29: 2026 | H29: =VLOOKUP(F29,MASTER!$B$2:$C$13,2,FALSE) -> IV | I29: Praktek Kerja Lapangan | J29: 400.145.4/0738/Diskominfo/2026 | K29: 27 Maret 2026 | L29: Sekretaris Daerah | M29: Praktek Kerja Lapangan | N29: Kepala Program Studi Teknik Informatika Universitas Bina Darma Palembang | O29: Ferdy Pratama | P29: 231420077 | Q29: NIM | R29: Program Studi Teknik Informatika | S29: Subbagian Perencanaan Evaluasi dan Pelaporan | T29: =IF(Q29="NIM","Mahasiswa","Peserta Didik") -> Mahasiswa | U29: Universitas Bina Darma Palembang | V29: 14 April 2026 | W29: 14 Juli 2026 | X29: Kepala Dinas Kominfo Provinsi Sumatera Selatan | Y29: Kepala Program Studi Teknik Informatika Universitas Bina Darma Palembang | AA29: =IF(ISNA(MATCH(O29,SERTIFIKAT!$G$2:$G$237,0)),"","SERTIFIKAT SELESAI") | AB29: =MONTH(V29) -> 4 | AC29: =MONTH(W29) -> 7 | AD29: =YEAR(V29) -> 2026 | AE29: =YEAR(W29) -> 2026 | AF29: =AB29 -> 4 | AG29: =AF29+1 -> 5 | AH29: =AG29+1 -> 6 | AI29: =AH29+1 -> 7 | AJ29: =AI29+1 -> 8 | AK29: =AJ29+1 -> 9 | AL29: =AK29+1 -> 10 | AM29: =AL29+1 -> 11 | AN29: =AM29+1 -> 12 | ... AQ29: =AP29+1 -> 15 | AR29: =IF(AF29<AC29+1,AF29,"") -> 4 | AS29: =IF(AG29<AC29+1,AG29,"") -> 5 | AT29: =IF(AH29<AC29+1,AH29,"") -> 6 | AU29: =IF(AI29<AC29+1,AI29,"") -> 7 | AV29: =IF(AJ29<AC29+1,AJ29,"") | AW29: =IF(AK29<AC29+1,AK29,"") | AX29: =IF(AL29<AC29+1,AL29,"") | AY29: =IF(AM29<AC29+1,AM29,"") | AZ29: =IF(AN29<AC29+1,AN29,"") | BA29: =IF(AO29<AC29+1,AO29,"") | BB29: =IF(AP29<AC29+1,AP29,"") | BC29: =IF(AQ29<AC29+1,AQ29,"") | BD29: =S29&AR29&AD29 -> Subbagian Perencanaan Evaluasi dan Pelaporan42026 | BE29: =S29&AS29&AD29 -> Subbagian Perencanaan Evaluasi dan Pelaporan52026 | BF29: =S29&AT29&AD29 -> Subbagian Perencanaan Evaluasi dan Pelaporan62026 | BG29: =S29&AU29&AD29 -> Subbagian Perencanaan Evaluasi dan Pelaporan72026 | BH29: =S29&AV29&AD29 -> Subbagian Perencanaan Evaluasi dan Pelaporan2026 | BI29: =S29&AW29&AD29 -> Subbagian Perencanaan Evaluasi dan Pelaporan2026 | BJ29: =S29&AX29&AD29 -> Subbagian Perencanaan Evaluasi dan Pelaporan2026 | BK29: =S29&AY29&AD29 -> Subbagian Perencanaan Evaluasi dan Pelaporan2026 | BL29: =S29&AZ29&AD29 -> Subbagian Perencanaan Evaluasi dan Pelaporan2026 | BM29: =S29&BA29&AD29 -> Subbagian Perencanaan Evaluasi dan Pelaporan2026 | BN29: =S29&BB29&AD29 -> Subbagian Perencanaan Evaluasi dan Pelaporan2026 | BO29: =S29&BC29&AD29 -> Subbagian Perencanaan Evaluasi dan Pelaporan2026
B30: 6735 | C30: 6736 | E30: 14 | F30: April | G30: 2026 | H30: =VLOOKUP(F30,MASTER!$B$2:$C$13,2,FALSE) -> IV | I30: Surat Permohonan Praktek Kerja Industri | J30: 552/BKK/PRAKERIN/SMK.B/II/2026 | K30: 01 April 2026 | L30: Kepala SMK Bistek Palembang | M30: Praktek Kerja Industri | N30: Kepala SMK Bistek Palembang | O30: Putri Anggraini | P30: 0096319461 | Q30: NIS/NISN | R30: Otomatisasi Tata Kelola Perkantoran | S30: Subbagian Umum dan Kepegawaian | T30: =IF(Q30="NIM","Mahasiswa","Peserta Didik") -> Peserta Didik | U30: SMK Bistek Palembang | V30: 01 Juli 2026 | W30: 30 September 2026 | X30: Kepala SMK Bistek Palembang | AA30: =IF(ISNA(MATCH(O30,SERTIFIKAT!$G$2:$G$237,0)),"","SERTIFIKAT SELESAI") | AB30: =MONTH(V30) -> 7 | AC30: =MONTH(W30) -> 9 | AD30: =YEAR(V30) -> 2026 | AE30: =YEAR(W30) -> 2026 | AF30: =AB30 -> 7 | AG30: =AF30+1 -> 8 | AH30: =AG30+1 -> 9 | AI30: =AH30+1 -> 10 | AJ30: =AI30+1 -> 11 | AK30: =AJ30+1 -> 12 | AL30: =AK30+1 -> 13 | AM30: =AL30+1 -> 14 | AN30: =AM30+1 -> 15 | ... AQ30: =AP30+1 -> 18 | AR30: =IF(AF30<AC30+1,AF30,"") -> 7 | AS30: =IF(AG30<AC30+1,AG30,"") -> 8 | AT30: =IF(AH30<AC30+1,AH30,"") -> 9 | AU30: =IF(AI30<AC30+1,AI30,"") | AV30: =IF(AJ30<AC30+1,AJ30,"") | AW30: =IF(AK30<AC30+1,AK30,"") | AX30: =IF(AL30<AC30+1,AL30,"") | AY30: =IF(AM30<AC30+1,AM30,"") | AZ30: =IF(AN30<AC30+1,AN30,"") | BA30: =IF(AO30<AC30+1,AO30,"") | BB30: =IF(AP30<AC30+1,AP30,"") | BC30: =IF(AQ30<AC30+1,AQ30,"") | BD30: =S30&AR30&AD30 -> Subbagian Umum dan Kepegawaian72026 | BE30: =S30&AS30&AD30 -> Subbagian Umum dan Kepegawaian82026 | BF30: =S30&AT30&AD30 -> Subbagian Umum dan Kepegawaian92026 | BG30: =S30&AU30&AD30 -> Subbagian Umum dan Kepegawaian2026 | BH30: =S30&AV30&AD30 -> Subbagian Umum dan Kepegawaian2026 | BI30: =S30&AW30&AD30 -> Subbagian Umum dan Kepegawaian2026 | BJ30: =S30&AX30&AD30 -> Subbagian Umum dan Kepegawaian2026 | BK30: =S30&AY30&AD30 -> Subbagian Umum dan Kepegawaian2026 | BL30: =S30&AZ30&AD30 -> Subbagian Umum dan Kepegawaian2026 | BM30: =S30&BA30&AD30 -> Subbagian Umum dan Kepegawaian2026 | BN30: =S30&BB30&AD30 -> Subbagian Umum dan Kepegawaian2026 | BO30: =S30&BC30&AD30 -> Subbagian Umum dan Kepegawaian2026
B31: 6735 | C31: 6736 | E31: 14 | F31: April | G31: 2026 | H31: =VLOOKUP(F31,MASTER!$B$2:$C$13,2,FALSE) -> IV | I31: Surat Permohonan Praktek Kerja Industri | J31: 552/BKK/PRAKERIN/SMK.B/II/2026 | K31: 01 April 2026 | L31: Kepala SMK Bistek Palembang | M31: Praktek Kerja Industri | N31: Kepala SMK Bistek Palembang | O31: Nadila Brilian | P31: 0083073689 | Q31: NIS/NISN | R31: Otomatisasi Tata Kelola Perkantoran | S31: Subbagian Umum dan Kepegawaian | T31: =IF(Q31="NIM","Mahasiswa","Peserta Didik") -> Peserta Didik | U31: SMK Bistek Palembang | V31: 01 Juli 2026 | W31: 30 September 2026 | X31: Kepala SMK Bistek Palembang | AA31: =IF(ISNA(MATCH(O31,SERTIFIKAT!$G$2:$G$237,0)),"","SERTIFIKAT SELESAI") | AB31: =MONTH(V31) -> 7 | AC31: =MONTH(W31) -> 9 | AD31: =YEAR(V31) -> 2026 | AE31: =YEAR(W31) -> 2026 | AF31: =AB31 -> 7 | AG31: =AF31+1 -> 8 | AH31: =AG31+1 -> 9 | AI31: =AH31+1 -> 10 | AJ31: =AI31+1 -> 11 | AK31: =AJ31+1 -> 12 | AL31: =AK31+1 -> 13 | AM31: =AL31+1 -> 14 | AN31: =AM31+1 -> 15 | ... AQ31: =AP31+1 -> 18 | AR31: =IF(AF31<AC31+1,AF31,"") -> 7 | AS31: =IF(AG31<AC31+1,AG31,"") -> 8 | AT31: =IF(AH31<AC31+1,AH31,"") -> 9 | AU31: =IF(AI31<AC31+1,AI31,"") | AV31: =IF(AJ31<AC31+1,AJ31,"") | AW31: =IF(AK31<AC31+1,AK31,"") | AX31: =IF(AL31<AC31+1,AL31,"") | AY31: =IF(AM31<AC31+1,AM31,"") | AZ31: =IF(AN31<AC31+1,AN31,"") | BA31: =IF(AO31<AC31+1,AO31,"") | BB31: =IF(AP31<AC31+1,AP31,"") | BC31: =IF(AQ31<AC31+1,AQ31,"") | BD31: =S31&AR31&AD31 -> Subbagian Umum dan Kepegawaian72026 | BE31: =S31&AS31&AD31 -> Subbagian Umum dan Kepegawaian82026 | BF31: =S31&AT31&AD31 -> Subbagian Umum dan Kepegawaian92026 | BG31: =S31&AU31&AD31 -> Subbagian Umum dan Kepegawaian2026 | BH31: =S31&AV31&AD31 -> Subbagian Umum dan Kepegawaian2026 | BI31: =S31&AW31&AD31 -> Subbagian Umum dan Kepegawaian2026 | BJ31: =S31&AX31&AD31 -> Subbagian Umum dan Kepegawaian2026 | BK31: =S31&AY31&AD31 -> Subbagian Umum dan Kepegawaian2026 | BL31: =S31&AZ31&AD31 -> Subbagian Umum dan Kepegawaian2026 | BM31: =S31&BA31&AD31 -> Subbagian Umum dan Kepegawaian2026 | BN31: =S31&BB31&AD31 -> Subbagian Umum dan Kepegawaian2026 | BO31: =S31&BC31&AD31 -> Subbagian Umum dan Kepegawaian2026
H32: =VLOOKUP(F32,MASTER!$B$2:$C$13,2,FALSE) -> #N/A | I32: Praktek Kerja Lapangan | J32: 420/4454/Set.3-Disdik.SS/II/2026 | K32: 19 Februari 2026 | L32: Kepala SMK Bina Jaya Palembang | M32: Praktek Kerja Lapangan | N32: Kepala SMK Bina Jaya Palembang | O32: Muhammad Ilham | P32: 13.089 | Q32: NIS/NISN | R32: Manajemen Perkantoran | S32: Subbagian Umum dan Kepegawaian | T32: =IF(Q32="NIM","Mahasiswa","Peserta Didik") -> Peserta Didik | U32: SMK Bina Jaya Palembang | V32: 16 Juli 2026 | W32: 15 Januari 2027 | X32: Kepala SMK Bina Jaya Palembang | AB32: =MONTH(V32) -> 7 | AC32: =MONTH(W32) -> 1 | AD32: =YEAR(V32) -> 2026 | AE32: =YEAR(W32) -> 2027 | AF32: =AB32 -> 7 | AG32: =AF32+1 -> 8 | AH32: =AG32+1 -> 9 | AI32: =AH32+1 -> 10 | AJ32: =AI32+1 -> 11 | AK32: =AJ32+1 -> 12 | AL32: =AK32+1 -> 13 | AM32: =AL32+1 -> 14 | AN32: =AM32+1 -> 15 | ... AQ32: =AP32+1 -> 18 | AR32: 7 | AS32: 8 | AT32: 9 | AU32: 10 | AV32: 11 | AW32: 12 | AX32: =IF(AL32<AC32+1,AL32,"") | AY32: =IF(AM32<AC32+1,AM32,"") | AZ32: =IF(AN32<AC32+1,AN32,"") | BA32: =IF(AO32<AC32+1,AO32,"") | BB32: =IF(AP32<AC32+1,AP32,"") | BC32: =IF(AQ32<AC32+1,AQ32,"") | BD32: =S32&AR32&AD32 -> Subbagian Umum dan Kepegawaian72026 | BE32: =S32&AS32&AD32 -> Subbagian Umum dan Kepegawaian82026 | BF32: =S32&AT32&AD32 -> Subbagian Umum dan Kepegawaian92026 | BG32: =S32&AU32&AD32 -> Subbagian Umum dan Kepegawaian102026 | BH32: =S32&AV32&AD32 -> Subbagian Umum dan Kepegawaian112026 | BI32: =S32&AW32&AD32 -> Subbagian Umum dan Kepegawaian122026 | BJ32: =S32&AX32&AD32 -> Subbagian Umum dan Kepegawaian2026 | BK32: =S32&AY32&AD32 -> Subbagian Umum dan Kepegawaian2026 | BL32: =S32&AZ32&AD32 -> Subbagian Umum dan Kepegawaian2026 | BM32: =S32&BA32&AD32 -> Subbagian Umum dan Kepegawaian2026 | BN32: =S32&BB32&AD32 -> Subbagian Umum dan Kepegawaian2026 | BO32: =S32&BC32&AD32 -> Subbagian Umum dan Kepegawaian2026
H33: =VLOOKUP(F33,MASTER!$B$2:$C$13,2,FALSE) -> #N/A | O33: Annisa Nur Safira | P33: 14.116 | Q33: NIS/NISN | R33: Manajemen Perkantoran | S33: Subbagian Umum dan Kepegawaian | T33: =IF(Q33="NIM","Mahasiswa","Peserta Didik") -> Peserta Didik | U33: SMK Bina Jaya Palembang | V33: 16 Juli 2026 | W33: 15 Januari 2027 | X33: Kepala SMK Bina Jaya Palembang | AB33: =MONTH(V33) -> 7 | AC33: =MONTH(W33) -> 1 | AD33: =YEAR(V33) -> 2026 | AE33: =YEAR(W33) -> 2027 | AF33: =AB33 -> 7 | AG33: =AF33+1 -> 8 | AH33: =AG33+1 -> 9 | AI33: =AH33+1 -> 10 | AJ33: =AI33+1 -> 11 | AK33: =AJ33+1 -> 12 | AL33: =AK33+1 -> 13 | AM33: =AL33+1 -> 14 | AN33: =AM33+1 -> 15 | ... AQ33: =AP33+1 -> 18 | AR33: 7 | AS33: 8 | AT33: 9 | AU33: 10 | AV33: 11 | AW33: 12 | AY33: =IF(AM33<AC33+1,AM33,"") | AZ33: =IF(AN33<AC33+1,AN33,"") | BA33: =IF(AO33<AC33+1,AO33,"") | BB33: =IF(AP33<AC33+1,AP33,"") | BC33: =IF(AQ33<AC33+1,AQ33,"") | BD33: =S33&AR33&AD33 -> Subbagian Umum dan Kepegawaian72026 | BE33: =S33&AS33&AD33 -> Subbagian Umum dan Kepegawaian82026 | BF33: =S33&AT33&AD33 -> Subbagian Umum dan Kepegawaian92026 | BG33: =S33&AU33&AD33 -> Subbagian Umum dan Kepegawaian102026 | BH33: =S33&AV33&AD33 -> Subbagian Umum dan Kepegawaian112026 | BI33: =S33&AW33&AD33 -> Subbagian Umum dan Kepegawaian122026 | BJ33: =S33&AX33&AD33 -> Subbagian Umum dan Kepegawaian2026 | BK33: =S33&AY33&AD33 -> Subbagian Umum dan Kepegawaian2026 | BL33: =S33&AZ33&AD33 -> Subbagian Umum dan Kepegawaian2026 | BM33: =S33&BA33&AD33 -> Subbagian Umum dan Kepegawaian2026 | BN33: =S33&BB33&AD33 -> Subbagian Umum dan Kepegawaian2026 | BO33: =S33&BC33&AD33 -> Subbagian Umum dan Kepegawaian2026
H34: =VLOOKUP(F34,MASTER!$B$2:$C$13,2,FALSE) -> #N/A | O34: Nadia Alaika | P34: 14.094 | Q34: NIS/NISN | R34: Manajemen Perkantoran | S34: Seksi PTK SMK | T34: =IF(Q34="NIM","Mahasiswa","Peserta Didik") -> Peserta Didik | U34: SMK Bina Jaya Palembang | V34: 16 Juli 2026 | W34: 15 Januari 2027 | X34: Kepala SMK Bina Jaya Palembang | AB34: =MONTH(V34) -> 7 | AC34: =MONTH(W34) -> 1 | AD34: =YEAR(V34) -> 2026 | AE34: =YEAR(W34) -> 2027 | AF34: =AB34 -> 7 | AG34: =AF34+1 -> 8 | AH34: =AG34+1 -> 9 | AI34: =AH34+1 -> 10 | AJ34: =AI34+1 -> 11 | AK34: =AJ34+1 -> 12 | AL34: =AK34+1 -> 13 | AM34: =AL34+1 -> 14 | AN34: =AM34+1 -> 15 | ... AQ34: =AP34+1 -> 18 | AR34: 7 | AS34: 8 | AT34: 9 | AU34: 10 | AV34: 11 | AW34: 12 | AY34: =IF(AM34<AC34+1,AM34,"") | AZ34: =IF(AN34<AC34+1,AN34,"") | BA34: =IF(AO34<AC34+1,AO34,"") | BB34: =IF(AP34<AC34+1,AP34,"") | BC34: =IF(AQ34<AC34+1,AQ34,"") | BD34: =S34&AR34&AD34 -> Seksi PTK SMK72026 | BE34: =S34&AS34&AD34 -> Seksi PTK SMK82026 | BF34: =S34&AT34&AD34 -> Seksi PTK SMK92026 | BG34: =S34&AU34&AD34 -> Seksi PTK SMK102026 | BH34: =S34&AV34&AD34 -> Seksi PTK SMK112026 | BI34: =S34&AW34&AD34 -> Seksi PTK SMK122026 | BJ34: =S34&AX34&AD34 -> Seksi PTK SMK2026 | BK34: =S34&AY34&AD34 -> Seksi PTK SMK2026 | BL34: =S34&AZ34&AD34 -> Seksi PTK SMK2026 | BM34: =S34&BA34&AD34 -> Seksi PTK SMK2026 | BN34: =S34&BB34&AD34 -> Seksi PTK SMK2026 | BO34: =S34&BC34&AD34 -> Seksi PTK SMK2026
H35: =VLOOKUP(F35,MASTER!$B$2:$C$13,2,FALSE) -> #N/A | O35: Rizkah Aulia Khoirunnisa | P35: 14.151 | Q35: NIS/NISN | R35: Manajemen Perkantoran | S35: Seksi PTK SMA | T35: =IF(Q35="NIM","Mahasiswa","Peserta Didik") -> Peserta Didik | U35: SMK Bina Jaya Palembang | V35: 16 Juli 2026 | W35: 15 Januari 2027 | X35: Kepala SMK Bina Jaya Palembang | AB35: =MONTH(V35) -> 7 | AC35: =MONTH(W35) -> 1 | AD35: =YEAR(V35) -> 2026 | AE35: =YEAR(W35) -> 2027 | AF35: =AB35 -> 7 | AG35: =AF35+1 -> 8 | AH35: =AG35+1 -> 9 | AI35: =AH35+1 -> 10 | AJ35: =AI35+1 -> 11 | AK35: =AJ35+1 -> 12 | AL35: =AK35+1 -> 13 | AM35: =AL35+1 -> 14 | AN35: =AM35+1 -> 15 | ... AQ35: =AP35+1 -> 18 | AR35: 7 | AS35: 8 | AT35: 9 | AU35: 10 | AV35: 11 | AW35: 12 | AY35: =IF(AM35<AC35+1,AM35,"") | AZ35: =IF(AN35<AC35+1,AN35,"") | BA35: =IF(AO35<AC35+1,AO35,"") | BB35: =IF(AP35<AC35+1,AP35,"") | BC35: =IF(AQ35<AC35+1,AQ35,"") | BD35: =S35&AR35&AD35 -> Seksi PTK SMA72026 | BE35: =S35&AS35&AD35 -> Seksi PTK SMA82026 | BF35: =S35&AT35&AD35 -> Seksi PTK SMA92026 | BG35: =S35&AU35&AD35 -> Seksi PTK SMA102026 | BH35: =S35&AV35&AD35 -> Seksi PTK SMA112026 | BI35: =S35&AW35&AD35 -> Seksi PTK SMA122026 | BJ35: =S35&AX35&AD35 -> Seksi PTK SMA2026 | BK35: =S35&AY35&AD35 -> Seksi PTK SMA2026 | BL35: =S35&AZ35&AD35 -> Seksi PTK SMA2026 | BM35: =S35&BA35&AD35 -> Seksi PTK SMA2026 | BN35: =S35&BB35&AD35 -> Seksi PTK SMA2026 | BO35: =S35&BC35&AD35 -> Seksi PTK SMA2026
B36: 7143 | C36: 7144 | E36: 23 | F36: April | G36: 2026 | H36: =VLOOKUP(F36,MASTER!$B$2:$C$13,2,FALSE) -> IV | I36: Permohonan Pelaksanaan Pendidikan Sistem Ganda (PSG) Kelas XI SMK Pembina 1 Palembang | J36: 028/SMK.YP/E.11/IV/2026 | K36: 14 April 2026 | L36: Kepala SMK Pembina 1 Palembang | M36: Praktek Kerja Lapangan | N36: Kepala SMK Pembina 1 Palembang | O36: Yuhanis Apriani | P36: 08217 | Q36: NIS/NISN | R36: Manajemen Perkantoran dan Layanan Bisnis | S36: Seksi Kurikulum SMA | T36: =IF(Q36="NIM","Mahasiswa","Peserta Didik") -> Peserta Didik | U36: SMK Pembina 1 Palembang | V36: 06 Juli 2026 | W36: 28 November 2026 | X36: SMK Pembina 1 Palembang | AA36: =IF(ISNA(MATCH(O36,SERTIFIKAT!$G$2:$G$237,0)),"","SERTIFIKAT SELESAI") | AB36: =MONTH(V36) -> 7 | AC36: =MONTH(W36) -> 11 | AD36: =YEAR(V36) -> 2026 | AE36: =YEAR(W36) -> 2026 | AF36: =AB36 -> 7 | AG36: =AF36+1 -> 8 | AH36: =AG36+1 -> 9 | AI36: =AH36+1 -> 10 | AJ36: =AI36+1 -> 11 | AK36: =AJ36+1 -> 12 | AL36: =AK36+1 -> 13 | AM36: =AL36+1 -> 14 | AN36: =AM36+1 -> 15 | ... AQ36: =AP36+1 -> 18 | AR36: =IF(AF36<AC36+1,AF36,"") -> 7 | AS36: =IF(AG36<AC36+1,AG36,"") -> 8 | AT36: =IF(AH36<AC36+1,AH36,"") -> 9 | AU36: =IF(AI36<AC36+1,AI36,"") -> 10 | AV36: =IF(AJ36<AC36+1,AJ36,"") -> 11 | AW36: =IF(AK36<AC36+1,AK36,"") | AX36: =IF(AL36<AC36+1,AL36,"") | AY36: =IF(AM36<AC36+1,AM36,"") | AZ36: =IF(AN36<AC36+1,AN36,"") | BA36: =IF(AO36<AC36+1,AO36,"") | BB36: =IF(AP36<AC36+1,AP36,"") | BC36: =IF(AQ36<AC36+1,AQ36,"") | BD36: =S36&AR36&AD36 -> Seksi Kurikulum SMA72026 | BE36: =S36&AS36&AD36 -> Seksi Kurikulum SMA82026 | BF36: =S36&AT36&AD36 -> Seksi Kurikulum SMA92026 | BG36: =S36&AU36&AD36 -> Seksi Kurikulum SMA102026 | BH36: =S36&AV36&AD36 -> Seksi Kurikulum SMA112026 | BI36: =S36&AW36&AD36 -> Seksi Kurikulum SMA2026 | BJ36: =S36&AX36&AD36 -> Seksi Kurikulum SMA2026 | BK36: =S36&AY36&AD36 -> Seksi Kurikulum SMA2026 | BL36: =S36&AZ36&AD36 -> Seksi Kurikulum SMA2026 | BM36: =S36&BA36&AD36 -> Seksi Kurikulum SMA2026 | BN36: =S36&BB36&AD36 -> Seksi Kurikulum SMA2026 | BO36: =S36&BC36&AD36 -> Seksi Kurikulum SMA2026
B37: 7143 | C37: 7144 | E37: 23 | F37: April | G37: 2026 | H37: =VLOOKUP(F37,MASTER!$B$2:$C$13,2,FALSE) -> IV | I37: Permohonan Pelaksanaan Pendidikan Sistem Ganda (PSG) Kelas XI SMK Pembina 1 Palembang | J37: 028/SMK.YP/E.11/IV/2026 | K37: 14 April 2026 | L37: Kepala SMK Pembina 1 Palembang | M37: Praktek Kerja Lapangan | N37: Kepala SMK Pembina 1 Palembang | O37: Khorra Fadia Salsabila | P37: 08199 | Q37: NIS/NISN | R37: Manajemen Perkantoran dan Layanan Bisnis | S37: Seksi Peserta Didik SMA | T37: =IF(Q37="NIM","Mahasiswa","Peserta Didik") -> Peserta Didik | U37: SMK Pembina 1 Palembang | V37: 06 Juli 2026 | W37: 28 November 2026 | X37: SMK Pembina 1 Palembang | AA37: =IF(ISNA(MATCH(O37,SERTIFIKAT!$G$2:$G$237,0)),"","SERTIFIKAT SELESAI") | AB37: =MONTH(V37) -> 7 | AC37: =MONTH(W37) -> 11 | AD37: =YEAR(V37) -> 2026 | AE37: =YEAR(W37) -> 2026 | AF37: =AB37 -> 7 | AG37: =AF37+1 -> 8 | AH37: =AG37+1 -> 9 | AI37: =AH37+1 -> 10 | AJ37: =AI37+1 -> 11 | AK37: =AJ37+1 -> 12 | AL37: =AK37+1 -> 13 | AM37: =AL37+1 -> 14 | AN37: =AM37+1 -> 15 | ... AQ37: =AP37+1 -> 18 | AR37: =IF(AF37<AC37+1,AF37,"") -> 7 | AS37: =IF(AG37<AC37+1,AG37,"") -> 8 | AT37: =IF(AH37<AC37+1,AH37,"") -> 9 | AU37: =IF(AI37<AC37+1,AI37,"") -> 10 | AV37: =IF(AJ37<AC37+1,AJ37,"") -> 11 | AW37: =IF(AK37<AC37+1,AK37,"") | AX37: =IF(AL37<AC37+1,AL37,"") | AY37: =IF(AM37<AC37+1,AM37,"") | AZ37: =IF(AN37<AC37+1,AN37,"") | BA37: =IF(AO37<AC37+1,AO37,"") | BB37: =IF(AP37<AC37+1,AP37,"") | BC37: =IF(AQ37<AC37+1,AQ37,"") | BD37: =S37&AR37&AD37 -> Seksi Peserta Didik SMA72026 | BE37: =S37&AS37&AD37 -> Seksi Peserta Didik SMA82026 | BF37: =S37&AT37&AD37 -> Seksi Peserta Didik SMA92026 | BG37: =S37&AU37&AD37 -> Seksi Peserta Didik SMA102026 | BH37: =S37&AV37&AD37 -> Seksi Peserta Didik SMA112026 | BI37: =S37&AW37&AD37 -> Seksi Peserta Didik SMA2026 | BJ37: =S37&AX37&AD37 -> Seksi Peserta Didik SMA2026 | BK37: =S37&AY37&AD37 -> Seksi Peserta Didik SMA2026 | BL37: =S37&AZ37&AD37 -> Seksi Peserta Didik SMA2026 | BM37: =S37&BA37&AD37 -> Seksi Peserta Didik SMA2026 | BN37: =S37&BB37&AD37 -> Seksi Peserta Didik SMA2026 | BO37: =S37&BC37&AD37 -> Seksi Peserta Didik SMA2026
B38: 7143 | C38: 7144 | E38: 23 | F38: April | G38: 2026 | H38: =VLOOKUP(F38,MASTER!$B$2:$C$13,2,FALSE) -> IV | I38: Permohonan Pelaksanaan Pendidikan Sistem Ganda (PSG) Kelas XI SMK Pembina 1 Palembang | J38: 028/SMK.YP/E.11/IV/2026 | K38: 14 April 2026 | L38: Kepala SMK Pembina 1 Palembang | M38: Praktek Kerja Lapangan | N38: Kepala SMK Pembina 1 Palembang | O38: Novita Salsa Billa | P38: 08187 | Q38: NIS/NISN | R38: Manajemen Perkantoran dan Layanan Bisnis | S38: Seksi Kurikulum SMK | T38: =IF(Q38="NIM","Mahasiswa","Peserta Didik") -> Peserta Didik | U38: SMK Pembina 1 Palembang | V38: 06 Juli 2026 | W38: 28 November 2026 | X38: SMK Pembina 1 Palembang | AA38: =IF(ISNA(MATCH(O38,SERTIFIKAT!$G$2:$G$237,0)),"","SERTIFIKAT SELESAI") | AB38: =MONTH(V38) -> 7 | AC38: =MONTH(W38) -> 11 | AD38: =YEAR(V38) -> 2026 | AE38: =YEAR(W38) -> 2026 | AF38: =AB38 -> 7 | AG38: =AF38+1 -> 8 | AH38: =AG38+1 -> 9 | AI38: =AH38+1 -> 10 | AJ38: =AI38+1 -> 11 | AK38: =AJ38+1 -> 12 | AL38: =AK38+1 -> 13 | AM38: =AL38+1 -> 14 | AN38: =AM38+1 -> 15 | ... AQ38: =AP38+1 -> 18 | AR38: =IF(AF38<AC38+1,AF38,"") -> 7 | AS38: =IF(AG38<AC38+1,AG38,"") -> 8 | AT38: =IF(AH38<AC38+1,AH38,"") -> 9 | AU38: =IF(AI38<AC38+1,AI38,"") -> 10 | AV38: =IF(AJ38<AC38+1,AJ38,"") -> 11 | AW38: =IF(AK38<AC38+1,AK38,"") | AX38: =IF(AL38<AC38+1,AL38,"") | AY38: =IF(AM38<AC38+1,AM38,"") | AZ38: =IF(AN38<AC38+1,AN38,"") | BA38: =IF(AO38<AC38+1,AO38,"") | BB38: =IF(AP38<AC38+1,AP38,"") | BC38: =IF(AQ38<AC38+1,AQ38,"") | BD38: =S38&AR38&AD38 -> Seksi Kurikulum SMK72026 | BE38: =S38&AS38&AD38 -> Seksi Kurikulum SMK82026 | BF38: =S38&AT38&AD38 -> Seksi Kurikulum SMK92026 | BG38: =S38&AU38&AD38 -> Seksi Kurikulum SMK102026 | BH38: =S38&AV38&AD38 -> Seksi Kurikulum SMK112026 | BI38: =S38&AW38&AD38 -> Seksi Kurikulum SMK2026 | BJ38: =S38&AX38&AD38 -> Seksi Kurikulum SMK2026 | BK38: =S38&AY38&AD38 -> Seksi Kurikulum SMK2026 | BL38: =S38&AZ38&AD38 -> Seksi Kurikulum SMK2026 | BM38: =S38&BA38&AD38 -> Seksi Kurikulum SMK2026 | BN38: =S38&BB38&AD38 -> Seksi Kurikulum SMK2026 | BO38: =S38&BC38&AD38 -> Seksi Kurikulum SMK2026
B39: 7143 | C39: 7144 | E39: 23 | F39: April | G39: 2026 | H39: =VLOOKUP(F39,MASTER!$B$2:$C$13,2,FALSE) -> IV | I39: Permohonan Pelaksanaan Pendidikan Sistem Ganda (PSG) Kelas XI SMK Pembina 1 Palembang | J39: 028/SMK.YP/E.11/IV/2026 | K39: 14 April 2026 | L39: Kepala SMK Pembina 1 Palembang | M39: Praktek Kerja Lapangan | N39: Kepala SMK Pembina 1 Palembang | O39: Esli Abelia | P39: 09208 | Q39: NIS/NISN | R39: Manajemen Perkantoran dan Layanan Bisnis | S39: Seksi Peserta Didik SMK | T39: =IF(Q39="NIM","Mahasiswa","Peserta Didik") -> Peserta Didik | U39: SMK Pembina 1 Palembang | V39: 06 Juli 2026 | W39: 28 November 2026 | X39: SMK Pembina 1 Palembang | AA39: =IF(ISNA(MATCH(O39,SERTIFIKAT!$G$2:$G$237,0)),"","SERTIFIKAT SELESAI") | AB39: =MONTH(V39) -> 7 | AC39: =MONTH(W39) -> 11 | AD39: =YEAR(V39) -> 2026 | AE39: =YEAR(W39) -> 2026 | AF39: =AB39 -> 7 | AG39: =AF39+1 -> 8 | AH39: =AG39+1 -> 9 | AI39: =AH39+1 -> 10 | AJ39: =AI39+1 -> 11 | AK39: =AJ39+1 -> 12 | AL39: =AK39+1 -> 13 | AM39: =AL39+1 -> 14 | AN39: =AM39+1 -> 15 | ... AQ39: =AP39+1 -> 18 | AR39: =IF(AF39<AC39+1,AF39,"") -> 7 | AS39: =IF(AG39<AC39+1,AG39,"") -> 8 | AT39: =IF(AH39<AC39+1,AH39,"") -> 9 | AU39: =IF(AI39<AC39+1,AI39,"") -> 10 | AV39: =IF(AJ39<AC39+1,AJ39,"") -> 11 | AW39: =IF(AK39<AC39+1,AK39,"") | AX39: =IF(AL39<AC39+1,AL39,"") | AY39: =IF(AM39<AC39+1,AM39,"") | AZ39: =IF(AN39<AC39+1,AN39,"") | BA39: =IF(AO39<AC39+1,AO39,"") | BB39: =IF(AP39<AC39+1,AP39,"") | BC39: =IF(AQ39<AC39+1,AQ39,"") | BD39: =S39&AR39&AD39 -> Seksi Peserta Didik SMK72026 | BE39: =S39&AS39&AD39 -> Seksi Peserta Didik SMK82026 | BF39: =S39&AT39&AD39 -> Seksi Peserta Didik SMK92026 | BG39: =S39&AU39&AD39 -> Seksi Peserta Didik SMK102026 | BH39: =S39&AV39&AD39 -> Seksi Peserta Didik SMK112026 | BI39: =S39&AW39&AD39 -> Seksi Peserta Didik SMK2026 | BJ39: =S39&AX39&AD39 -> Seksi Peserta Didik SMK2026 | BK39: =S39&AY39&AD39 -> Seksi Peserta Didik SMK2026 | BL39: =S39&AZ39&AD39 -> Seksi Peserta Didik SMK2026 | BM39: =S39&BA39&AD39 -> Seksi Peserta Didik SMK2026 | BN39: =S39&BB39&AD39 -> Seksi Peserta Didik SMK2026 | BO39: =S39&BC39&AD39 -> Seksi Peserta Didik SMK2026
B40: 7143 | C40: 7144 | E40: 23 | F40: April | G40: 2026 | H40: =VLOOKUP(F40,MASTER!$B$2:$C$13,2,FALSE) -> IV | I40: Permohonan Pelaksanaan Pendidikan Sistem Ganda (PSG) Kelas XI SMK Pembina 1 Palembang | J40: 028/SMK.YP/E.11/IV/2026 | K40: 14 April 2026 | L40: Kepala SMK Pembina 1 Palembang | M40: Praktek Kerja Lapangan | N40: Kepala SMK Pembina 1 Palembang | O40: Ahmad Denny Al-Farizi | P40: 08467 | Q40: NIS/NISN | R40: Manajemen Perkantoran dan Layanan Bisnis | S40: Seksi Sarana Prasarana PKLK | T40: =IF(Q40="NIM","Mahasiswa","Peserta Didik") -> Peserta Didik | U40: SMK Pembina 1 Palembang | V40: 06 Juli 2026 | W40: 28 November 2026 | X40: SMK Pembina 1 Palembang | AA40: =IF(ISNA(MATCH(O40,SERTIFIKAT!$G$2:$G$237,0)),"","SERTIFIKAT SELESAI") | AB40: =MONTH(V40) -> 7 | AC40: =MONTH(W40) -> 11 | AD40: =YEAR(V40) -> 2026 | AE40: =YEAR(W40) -> 2026 | AF40: =AB40 -> 7 | AG40: =AF40+1 -> 8 | AH40: =AG40+1 -> 9 | AI40: =AH40+1 -> 10 | AJ40: =AI40+1 -> 11 | AK40: =AJ40+1 -> 12 | AL40: =AK40+1 -> 13 | AM40: =AL40+1 -> 14 | AN40: =AM40+1 -> 15 | ... AQ40: =AP40+1 -> 18 | AR40: =IF(AF40<AC40+1,AF40,"") -> 7 | AS40: =IF(AG40<AC40+1,AG40,"") -> 8 | AT40: =IF(AH40<AC40+1,AH40,"") -> 9 | AU40: =IF(AI40<AC40+1,AI40,"") -> 10 | AV40: =IF(AJ40<AC40+1,AJ40,"") -> 11 | AW40: =IF(AK40<AC40+1,AK40,"") | AX40: =IF(AL40<AC40+1,AL40,"") | AY40: =IF(AM40<AC40+1,AM40,"") | AZ40: =IF(AN40<AC40+1,AN40,"") | BA40: =IF(AO40<AC40+1,AO40,"") | BB40: =IF(AP40<AC40+1,AP40,"") | BC40: =IF(AQ40<AC40+1,AQ40,"") | BD40: =S40&AR40&AD40 -> Seksi Sarana Prasarana PKLK72026 | BE40: =S40&AS40&AD40 -> Seksi Sarana Prasarana PKLK82026 | BF40: =S40&AT40&AD40 -> Seksi Sarana Prasarana PKLK92026 | BG40: =S40&AU40&AD40 -> Seksi Sarana Prasarana PKLK102026 | BH40: =S40&AV40&AD40 -> Seksi Sarana Prasarana PKLK112026 | BI40: =S40&AW40&AD40 -> Seksi Sarana Prasarana PKLK2026 | BJ40: =S40&AX40&AD40 -> Seksi Sarana Prasarana PKLK2026 | BK40: =S40&AY40&AD40 -> Seksi Sarana Prasarana PKLK2026 | BL40: =S40&AZ40&AD40 -> Seksi Sarana Prasarana PKLK2026 | BM40: =S40&BA40&AD40 -> Seksi Sarana Prasarana PKLK2026 | BN40: =S40&BB40&AD40 -> Seksi Sarana Prasarana PKLK2026 | BO40: =S40&BC40&AD40 -> Seksi Sarana Prasarana PKLK2026
H41: =VLOOKUP(F41,MASTER!$B$2:$C$13,2,FALSE) -> #N/A | AA41: =IF(ISNA(MATCH(O41,SERTIFIKAT!$G$2:$G$237,0)),"","SERTIFIKAT SELESAI") | AB41: =MONTH(V41) -> 1 | AC41: =MONTH(W41) -> 1 | AD41: =YEAR(V41) -> 1900 | AE41: =YEAR(W41) -> 1900 | AF41: =AB41 -> 1 | AG41: =AF41+1 -> 2 | AH41: =AG41+1 -> 3 | AI41: =AH41+1 -> 4 | AJ41: =AI41+1 -> 5 | AK41: =AJ41+1 -> 6 | AL41: =AK41+1 -> 7 | AM41: =AL41+1 -> 8 | AN41: =AM41+1 -> 9 | ... AQ41: =AP41+1 -> 12 | AR41: =IF(AF41<AC41+1,AF41,"") -> 1 | AS41: =IF(AG41<AC41+1,AG41,"") | AT41: =IF(AH41<AC41+1,AH41,"") | AU41: =IF(AI41<AC41+1,AI41,"") | AV41: =IF(AJ41<AC41+1,AJ41,"") | AW41: =IF(AK41<AC41+1,AK41,"") | AX41: =IF(AL41<AC41+1,AL41,"") | AY41: =IF(AM41<AC41+1,AM41,"") | AZ41: =IF(AN41<AC41+1,AN41,"") | BA41: =IF(AO41<AC41+1,AO41,"") | BB41: =IF(AP41<AC41+1,AP41,"") | BC41: =IF(AQ41<AC41+1,AQ41,"") | BD41: =S41&AR41&AD41 -> 11900 | BE41: =S41&AS41&AD41 -> 1900 | BF41: =S41&AT41&AD41 -> 1900 | BG41: =S41&AU41&AD41 -> 1900 | BH41: =S41&AV41&AD41 -> 1900 | BI41: =S41&AW41&AD41 -> 1900 | BJ41: =S41&AX41&AD41 -> 1900 | BK41: =S41&AY41&AD41 -> 1900 | BL41: =S41&AZ41&AD41 -> 1900 | BM41: =S41&BA41&AD41 -> 1900 | BN41: =S41&BB41&AD41 -> 1900 | BO41: =S41&BC41&AD41 -> 1900
H42: =VLOOKUP(F42,MASTER!$B$2:$C$13,2,FALSE) -> #N/A | AA42: =IF(ISNA(MATCH(O42,SERTIFIKAT!$G$2:$G$237,0)),"","SERTIFIKAT SELESAI") | AB42: =MONTH(V42) -> 1 | AC42: =MONTH(W42) -> 1 | AD42: =YEAR(V42) -> 1900 | AE42: =YEAR(W42) -> 1900 | AF42: =AB42 -> 1 | AG42: =AF42+1 -> 2 | AH42: =AG42+1 -> 3 | AI42: =AH42+1 -> 4 | AJ42: =AI42+1 -> 5 | AK42: =AJ42+1 -> 6 | AL42: =AK42+1 -> 7 | AM42: =AL42+1 -> 8 | AN42: =AM42+1 -> 9 | ... AQ42: =AP42+1 -> 12 | AR42: =IF(AF42<AC42+1,AF42,"") -> 1 | AS42: =IF(AG42<AC42+1,AG42,"") | AT42: =IF(AH42<AC42+1,AH42,"") | AU42: =IF(AI42<AC42+1,AI42,"") | AV42: =IF(AJ42<AC42+1,AJ42,"") | AW42: =IF(AK42<AC42+1,AK42,"") | AX42: =IF(AL42<AC42+1,AL42,"") | AY42: =IF(AM42<AC42+1,AM42,"") | AZ42: =IF(AN42<AC42+1,AN42,"") | BA42: =IF(AO42<AC42+1,AO42,"") | BB42: =IF(AP42<AC42+1,AP42,"") | BC42: =IF(AQ42<AC42+1,AQ42,"") | BD42: =S42&AR42&AD42 -> 11900 | BE42: =S42&AS42&AD42 -> 1900 | BF42: =S42&AT42&AD42 -> 1900 | BG42: =S42&AU42&AD42 -> 1900 | BH42: =S42&AV42&AD42 -> 1900 | BI42: =S42&AW42&AD42 -> 1900 | BJ42: =S42&AX42&AD42 -> 1900 | BK42: =S42&AY42&AD42 -> 1900 | BL42: =S42&AZ42&AD42 -> 1900 | BM42: =S42&BA42&AD42 -> 1900 | BN42: =S42&BB42&AD42 -> 1900 | BO42: =S42&BC42&AD42 -> 1900
H43: =VLOOKUP(F43,MASTER!$B$2:$C$13,2,FALSE) -> #N/A | AA43: =IF(ISNA(MATCH(O43,SERTIFIKAT!$G$2:$G$237,0)),"","SERTIFIKAT SELESAI") | AB43: =MONTH(V43) -> 1 | AC43: =MONTH(W43) -> 1 | AD43: =YEAR(V43) -> 1900 | AE43: =YEAR(W43) -> 1900 | AF43: =AB43 -> 1 | AG43: =AF43+1 -> 2 | AH43: =AG43+1 -> 3 | AI43: =AH43+1 -> 4 | AJ43: =AI43+1 -> 5 | AK43: =AJ43+1 -> 6 | AL43: =AK43+1 -> 7 | AM43: =AL43+1 -> 8 | AN43: =AM43+1 -> 9 | ... AQ43: =AP43+1 -> 12 | AR43: =IF(AF43<AC43+1,AF43,"") -> 1 | AS43: =IF(AG43<AC43+1,AG43,"") | AT43: =IF(AH43<AC43+1,AH43,"") | AU43: =IF(AI43<AC43+1,AI43,"") | AV43: =IF(AJ43<AC43+1,AJ43,"") | AW43: =IF(AK43<AC43+1,AK43,"") | AX43: =IF(AL43<AC43+1,AL43,"") | AY43: =IF(AM43<AC43+1,AM43,"") | AZ43: =IF(AN43<AC43+1,AN43,"") | BA43: =IF(AO43<AC43+1,AO43,"") | BB43: =IF(AP43<AC43+1,AP43,"") | BC43: =IF(AQ43<AC43+1,AQ43,"") | BD43: =S43&AR43&AD43 -> 11900 | BE43: =S43&AS43&AD43 -> 1900 | BF43: =S43&AT43&AD43 -> 1900 | BG43: =S43&AU43&AD43 -> 1900 | BH43: =S43&AV43&AD43 -> 1900 | BI43: =S43&AW43&AD43 -> 1900 | BJ43: =S43&AX43&AD43 -> 1900 | BK43: =S43&AY43&AD43 -> 1900 | BL43: =S43&AZ43&AD43 -> 1900 | BM43: =S43&BA43&AD43 -> 1900 | BN43: =S43&BB43&AD43 -> 1900 | BO43: =S43&BC43&AD43 -> 1900
H44: =VLOOKUP(F44,MASTER!$B$2:$C$13,2,FALSE) -> #N/A | AA44: =IF(ISNA(MATCH(O44,SERTIFIKAT!$G$2:$G$237,0)),"","SERTIFIKAT SELESAI") | AB44: =MONTH(V44) -> 1 | AC44: =MONTH(W44) -> 1 | AD44: =YEAR(V44) -> 1900 | AE44: =YEAR(W44) -> 1900 | AF44: =AB44 -> 1 | AG44: =AF44+1 -> 2 | AH44: =AG44+1 -> 3 | AI44: =AH44+1 -> 4 | AJ44: =AI44+1 -> 5 | AK44: =AJ44+1 -> 6 | AL44: =AK44+1 -> 7 | AM44: =AL44+1 -> 8 | AN44: =AM44+1 -> 9 | ... AQ44: =AP44+1 -> 12 | AR44: =IF(AF44<AC44+1,AF44,"") -> 1 | AS44: =IF(AG44<AC44+1,AG44,"") | AT44: =IF(AH44<AC44+1,AH44,"") | AU44: =IF(AI44<AC44+1,AI44,"") | AV44: =IF(AJ44<AC44+1,AJ44,"") | AW44: =IF(AK44<AC44+1,AK44,"") | AX44: =IF(AL44<AC44+1,AL44,"") | AY44: =IF(AM44<AC44+1,AM44,"") | AZ44: =IF(AN44<AC44+1,AN44,"") | BA44: =IF(AO44<AC44+1,AO44,"") | BB44: =IF(AP44<AC44+1,AP44,"") | BC44: =IF(AQ44<AC44+1,AQ44,"") | BD44: =S44&AR44&AD44 -> 11900 | BE44: =S44&AS44&AD44 -> 1900 | BF44: =S44&AT44&AD44 -> 1900 | BG44: =S44&AU44&AD44 -> 1900 | BH44: =S44&AV44&AD44 -> 1900 | BI44: =S44&AW44&AD44 -> 1900 | BJ44: =S44&AX44&AD44 -> 1900 | BK44: =S44&AY44&AD44 -> 1900 | BL44: =S44&AZ44&AD44 -> 1900 | BM44: =S44&BA44&AD44 -> 1900 | BN44: =S44&BB44&AD44 -> 1900 | BO44: =S44&BC44&AD44 -> 1900
H45: =VLOOKUP(F45,MASTER!$B$2:$C$13,2,FALSE) -> #N/A | AA45: =IF(ISNA(MATCH(O45,SERTIFIKAT!$G$2:$G$237,0)),"","SERTIFIKAT SELESAI") | AB45: =MONTH(V45) -> 1 | AC45: =MONTH(W45) -> 1 | AD45: =YEAR(V45) -> 1900 | AE45: =YEAR(W45) -> 1900 | AF45: =AB45 -> 1 | AG45: =AF45+1 -> 2 | AH45: =AG45+1 -> 3 | AI45: =AH45+1 -> 4 | AJ45: =AI45+1 -> 5 | AK45: =AJ45+1 -> 6 | AL45: =AK45+1 -> 7 | AM45: =AL45+1 -> 8 | AN45: =AM45+1 -> 9 | ... AQ45: =AP45+1 -> 12 | AR45: =IF(AF45<AC45+1,AF45,"") -> 1 | AS45: =IF(AG45<AC45+1,AG45,"") | AT45: =IF(AH45<AC45+1,AH45,"") | AU45: =IF(AI45<AC45+1,AI45,"") | AV45: =IF(AJ45<AC45+1,AJ45,"") | AW45: =IF(AK45<AC45+1,AK45,"") | AX45: =IF(AL45<AC45+1,AL45,"") | AY45: =IF(AM45<AC45+1,AM45,"") | AZ45: =IF(AN45<AC45+1,AN45,"") | BA45: =IF(AO45<AC45+1,AO45,"") | BB45: =IF(AP45<AC45+1,AP45,"") | BC45: =IF(AQ45<AC45+1,AQ45,"") | BD45: =S45&AR45&AD45 -> 11900 | BE45: =S45&AS45&AD45 -> 1900 | BF45: =S45&AT45&AD45 -> 1900 | BG45: =S45&AU45&AD45 -> 1900 | BH45: =S45&AV45&AD45 -> 1900 | BI45: =S45&AW45&AD45 -> 1900 | BJ45: =S45&AX45&AD45 -> 1900 | BK45: =S45&AY45&AD45 -> 1900 | BL45: =S45&AZ45&AD45 -> 1900 | BM45: =S45&BA45&AD45 -> 1900 | BN45: =S45&BB45&AD45 -> 1900 | BO45: =S45&BC45&AD45 -> 1900
H46: =VLOOKUP(F46,MASTER!$B$2:$C$13,2,FALSE) -> #N/A | AA46: =IF(ISNA(MATCH(O46,SERTIFIKAT!$G$2:$G$237,0)),"","SERTIFIKAT SELESAI") | AB46: =MONTH(V46) -> 1 | AC46: =MONTH(W46) -> 1 | AD46: =YEAR(V46) -> 1900 | AE46: =YEAR(W46) -> 1900 | AF46: =AB46 -> 1 | AG46: =AF46+1 -> 2 | AH46: =AG46+1 -> 3 | AI46: =AH46+1 -> 4 | AJ46: =AI46+1 -> 5 | AK46: =AJ46+1 -> 6 | AL46: =AK46+1 -> 7 | AM46: =AL46+1 -> 8 | AN46: =AM46+1 -> 9 | ... AQ46: =AP46+1 -> 12 | AR46: =IF(AF46<AC46+1,AF46,"") -> 1 | AS46: =IF(AG46<AC46+1,AG46,"") | AT46: =IF(AH46<AC46+1,AH46,"") | AU46: =IF(AI46<AC46+1,AI46,"") | AV46: =IF(AJ46<AC46+1,AJ46,"") | AW46: =IF(AK46<AC46+1,AK46,"") | AX46: =IF(AL46<AC46+1,AL46,"") | AY46: =IF(AM46<AC46+1,AM46,"") | AZ46: =IF(AN46<AC46+1,AN46,"") | BA46: =IF(AO46<AC46+1,AO46,"") | BB46: =IF(AP46<AC46+1,AP46,"") | BC46: =IF(AQ46<AC46+1,AQ46,"") | BD46: =S46&AR46&AD46 -> 11900 | BE46: =S46&AS46&AD46 -> 1900 | BF46: =S46&AT46&AD46 -> 1900 | BG46: =S46&AU46&AD46 -> 1900 | BH46: =S46&AV46&AD46 -> 1900 | BI46: =S46&AW46&AD46 -> 1900 | BJ46: =S46&AX46&AD46 -> 1900 | BK46: =S46&AY46&AD46 -> 1900 | BL46: =S46&AZ46&AD46 -> 1900 | BM46: =S46&BA46&AD46 -> 1900 | BN46: =S46&BB46&AD46 -> 1900 | BO46: =S46&BC46&AD46 -> 1900
H47: =VLOOKUP(F47,MASTER!$B$2:$C$13,2,FALSE) -> #N/A | AA47: =IF(ISNA(MATCH(O47,SERTIFIKAT!$G$2:$G$237,0)),"","SERTIFIKAT SELESAI") | AB47: =MONTH(V47) -> 1 | AC47: =MONTH(W47) -> 1 | AD47: =YEAR(V47) -> 1900 | AE47: =YEAR(W47) -> 1900 | AF47: =AB47 -> 1 | AG47: =AF47+1 -> 2 | AH47: =AG47+1 -> 3 | AI47: =AH47+1 -> 4 | AJ47: =AI47+1 -> 5 | AK47: =AJ47+1 -> 6 | AL47: =AK47+1 -> 7 | AM47: =AL47+1 -> 8 | AN47: =AM47+1 -> 9 | ... AQ47: =AP47+1 -> 12 | AR47: =IF(AF47<AC47+1,AF47,"") -> 1 | AS47: =IF(AG47<AC47+1,AG47,"") | AT47: =IF(AH47<AC47+1,AH47,"") | AU47: =IF(AI47<AC47+1,AI47,"") | AV47: =IF(AJ47<AC47+1,AJ47,"") | AW47: =IF(AK47<AC47+1,AK47,"") | AX47: =IF(AL47<AC47+1,AL47,"") | AY47: =IF(AM47<AC47+1,AM47,"") | AZ47: =IF(AN47<AC47+1,AN47,"") | BA47: =IF(AO47<AC47+1,AO47,"") | BB47: =IF(AP47<AC47+1,AP47,"") | BC47: =IF(AQ47<AC47+1,AQ47,"") | BD47: =S47&AR47&AD47 -> 11900 | BE47: =S47&AS47&AD47 -> 1900 | BF47: =S47&AT47&AD47 -> 1900 | BG47: =S47&AU47&AD47 -> 1900 | BH47: =S47&AV47&AD47 -> 1900 | BI47: =S47&AW47&AD47 -> 1900 | BJ47: =S47&AX47&AD47 -> 1900 | BK47: =S47&AY47&AD47 -> 1900 | BL47: =S47&AZ47&AD47 -> 1900 | BM47: =S47&BA47&AD47 -> 1900 | BN47: =S47&BB47&AD47 -> 1900 | BO47: =S47&BC47&AD47 -> 1900
H48: =VLOOKUP(F48,MASTER!$B$2:$C$13,2,FALSE) -> #N/A | AA48: =IF(ISNA(MATCH(O48,SERTIFIKAT!$G$2:$G$237,0)),"","SERTIFIKAT SELESAI") | AB48: =MONTH(V48) -> 1 | AC48: =MONTH(W48) -> 1 | AD48: =YEAR(V48) -> 1900 | AE48: =YEAR(W48) -> 1900 | AF48: =AB48 -> 1 | AG48: =AF48+1 -> 2 | AH48: =AG48+1 -> 3 | AI48: =AH48+1 -> 4 | AJ48: =AI48+1 -> 5 | AK48: =AJ48+1 -> 6 | AL48: =AK48+1 -> 7 | AM48: =AL48+1 -> 8 | AN48: =AM48+1 -> 9 | ... AQ48: =AP48+1 -> 12 | AR48: =IF(AF48<AC48+1,AF48,"") -> 1 | AS48: =IF(AG48<AC48+1,AG48,"") | AT48: =IF(AH48<AC48+1,AH48,"") | AU48: =IF(AI48<AC48+1,AI48,"") | AV48: =IF(AJ48<AC48+1,AJ48,"") | AW48: =IF(AK48<AC48+1,AK48,"") | AX48: =IF(AL48<AC48+1,AL48,"") | AY48: =IF(AM48<AC48+1,AM48,"") | AZ48: =IF(AN48<AC48+1,AN48,"") | BA48: =IF(AO48<AC48+1,AO48,"") | BB48: =IF(AP48<AC48+1,AP48,"") | BC48: =IF(AQ48<AC48+1,AQ48,"") | BD48: =S48&AR48&AD48 -> 11900 | BE48: =S48&AS48&AD48 -> 1900 | BF48: =S48&AT48&AD48 -> 1900 | BG48: =S48&AU48&AD48 -> 1900 | BH48: =S48&AV48&AD48 -> 1900 | BI48: =S48&AW48&AD48 -> 1900 | BJ48: =S48&AX48&AD48 -> 1900 | BK48: =S48&AY48&AD48 -> 1900 | BL48: =S48&AZ48&AD48 -> 1900 | BM48: =S48&BA48&AD48 -> 1900 | BN48: =S48&BB48&AD48 -> 1900 | BO48: =S48&BC48&AD48 -> 1900
H49: =VLOOKUP(F49,MASTER!$B$2:$C$13,2,FALSE) -> #N/A | AA49: =IF(ISNA(MATCH(O49,SERTIFIKAT!$G$2:$G$237,0)),"","SERTIFIKAT SELESAI") | AB49: =MONTH(V49) -> 1 | AC49: =MONTH(W49) -> 1 | AD49: =YEAR(V49) -> 1900 | AE49: =YEAR(W49) -> 1900 | AF49: =AB49 -> 1 | AG49: =AF49+1 -> 2 | AH49: =AG49+1 -> 3 | AI49: =AH49+1 -> 4 | AJ49: =AI49+1 -> 5 | AK49: =AJ49+1 -> 6 | AL49: =AK49+1 -> 7 | AM49: =AL49+1 -> 8 | AN49: =AM49+1 -> 9 | ... AQ49: =AP49+1 -> 12 | AR49: =IF(AF49<AC49+1,AF49,"") -> 1 | AS49: =IF(AG49<AC49+1,AG49,"") | AT49: =IF(AH49<AC49+1,AH49,"") | AU49: =IF(AI49<AC49+1,AI49,"") | AV49: =IF(AJ49<AC49+1,AJ49,"") | AW49: =IF(AK49<AC49+1,AK49,"") | AX49: =IF(AL49<AC49+1,AL49,"") | AY49: =IF(AM49<AC49+1,AM49,"") | AZ49: =IF(AN49<AC49+1,AN49,"") | BA49: =IF(AO49<AC49+1,AO49,"") | BB49: =IF(AP49<AC49+1,AP49,"") | BC49: =IF(AQ49<AC49+1,AQ49,"") | BD49: =S49&AR49&AD49 -> 11900 | BE49: =S49&AS49&AD49 -> 1900 | BF49: =S49&AT49&AD49 -> 1900 | BG49: =S49&AU49&AD49 -> 1900 | BH49: =S49&AV49&AD49 -> 1900 | BI49: =S49&AW49&AD49 -> 1900 | BJ49: =S49&AX49&AD49 -> 1900 | BK49: =S49&AY49&AD49 -> 1900 | BL49: =S49&AZ49&AD49 -> 1900 | BM49: =S49&BA49&AD49 -> 1900 | BN49: =S49&BB49&AD49 -> 1900 | BO49: =S49&BC49&AD49 -> 1900
H50: =VLOOKUP(F50,MASTER!$B$2:$C$13,2,FALSE) -> #N/A | AA50: =IF(ISNA(MATCH(O50,SERTIFIKAT!$G$2:$G$237,0)),"","SERTIFIKAT SELESAI") | AB50: =MONTH(V50) -> 1 | AC50: =MONTH(W50) -> 1 | AD50: =YEAR(V50) -> 1900 | AE50: =YEAR(W50) -> 1900 | AF50: =AB50 -> 1 | AG50: =AF50+1 -> 2 | AH50: =AG50+1 -> 3 | AI50: =AH50+1 -> 4 | AJ50: =AI50+1 -> 5 | AK50: =AJ50+1 -> 6 | AL50: =AK50+1 -> 7 | AM50: =AL50+1 -> 8 | AN50: =AM50+1 -> 9 | ... AQ50: =AP50+1 -> 12 | AR50: =IF(AF50<AC50+1,AF50,"") -> 1 | AS50: =IF(AG50<AC50+1,AG50,"") | AT50: =IF(AH50<AC50+1,AH50,"") | AU50: =IF(AI50<AC50+1,AI50,"") | AV50: =IF(AJ50<AC50+1,AJ50,"") | AW50: =IF(AK50<AC50+1,AK50,"") | AX50: =IF(AL50<AC50+1,AL50,"") | AY50: =IF(AM50<AC50+1,AM50,"") | AZ50: =IF(AN50<AC50+1,AN50,"") | BA50: =IF(AO50<AC50+1,AO50,"") | BB50: =IF(AP50<AC50+1,AP50,"") | BC50: =IF(AQ50<AC50+1,AQ50,"") | BD50: =S50&AR50&AD50 -> 11900 | BE50: =S50&AS50&AD50 -> 1900 | BF50: =S50&AT50&AD50 -> 1900 | BG50: =S50&AU50&AD50 -> 1900 | BH50: =S50&AV50&AD50 -> 1900 | BI50: =S50&AW50&AD50 -> 1900 | BJ50: =S50&AX50&AD50 -> 1900 | BK50: =S50&AY50&AD50 -> 1900 | BL50: =S50&AZ50&AD50 -> 1900 | BM50: =S50&BA50&AD50 -> 1900 | BN50: =S50&BB50&AD50 -> 1900 | BO50: =S50&BC50&AD50 -> 1900
H51: =VLOOKUP(F51,MASTER!$B$2:$C$13,2,FALSE) -> #N/A | AA51: =IF(ISNA(MATCH(O51,SERTIFIKAT!$G$2:$G$237,0)),"","SERTIFIKAT SELESAI") | AB51: =MONTH(V51) -> 1 | AC51: =MONTH(W51) -> 1 | AD51: =YEAR(V51) -> 1900 | AE51: =YEAR(W51) -> 1900 | AF51: =AB51 -> 1 | AG51: =AF51+1 -> 2 | AH51: =AG51+1 -> 3 | AI51: =AH51+1 -> 4 | AJ51: =AI51+1 -> 5 | AK51: =AJ51+1 -> 6 | AL51: =AK51+1 -> 7 | AM51: =AL51+1 -> 8 | AN51: =AM51+1 -> 9 | ... AQ51: =AP51+1 -> 12 | AR51: =IF(AF51<AC51+1,AF51,"") -> 1 | AS51: =IF(AG51<AC51+1,AG51,"") | AT51: =IF(AH51<AC51+1,AH51,"") | AU51: =IF(AI51<AC51+1,AI51,"") | AV51: =IF(AJ51<AC51+1,AJ51,"") | AW51: =IF(AK51<AC51+1,AK51,"") | AX51: =IF(AL51<AC51+1,AL51,"") | AY51: =IF(AM51<AC51+1,AM51,"") | AZ51: =IF(AN51<AC51+1,AN51,"") | BA51: =IF(AO51<AC51+1,AO51,"") | BB51: =IF(AP51<AC51+1,AP51,"") | BC51: =IF(AQ51<AC51+1,AQ51,"") | BD51: =S51&AR51&AD51 -> 11900 | BE51: =S51&AS51&AD51 -> 1900 | BF51: =S51&AT51&AD51 -> 1900 | BG51: =S51&AU51&AD51 -> 1900 | BH51: =S51&AV51&AD51 -> 1900 | BI51: =S51&AW51&AD51 -> 1900 | BJ51: =S51&AX51&AD51 -> 1900 | BK51: =S51&AY51&AD51 -> 1900 | BL51: =S51&AZ51&AD51 -> 1900 | BM51: =S51&BA51&AD51 -> 1900 | BN51: =S51&BB51&AD51 -> 1900 | BO51: =S51&BC51&AD51 -> 1900
H52: =VLOOKUP(F52,MASTER!$B$2:$C$13,2,FALSE) -> #N/A | AA52: =IF(ISNA(MATCH(O52,SERTIFIKAT!$G$2:$G$237,0)),"","SERTIFIKAT SELESAI") | AB52: =MONTH(V52) -> 1 | AC52: =MONTH(W52) -> 1 | AD52: =YEAR(V52) -> 1900 | AE52: =YEAR(W52) -> 1900 | AF52: =AB52 -> 1 | AG52: =AF52+1 -> 2 | AH52: =AG52+1 -> 3 | AI52: =AH52+1 -> 4 | AJ52: =AI52+1 -> 5 | AK52: =AJ52+1 -> 6 | AL52: =AK52+1 -> 7 | AM52: =AL52+1 -> 8 | AN52: =AM52+1 -> 9 | ... AQ52: =AP52+1 -> 12 | AR52: =IF(AF52<AC52+1,AF52,"") -> 1 | AS52: =IF(AG52<AC52+1,AG52,"") | AT52: =IF(AH52<AC52+1,AH52,"") | AU52: =IF(AI52<AC52+1,AI52,"") | AV52: =IF(AJ52<AC52+1,AJ52,"") | AW52: =IF(AK52<AC52+1,AK52,"") | AX52: =IF(AL52<AC52+1,AL52,"") | AY52: =IF(AM52<AC52+1,AM52,"") | AZ52: =IF(AN52<AC52+1,AN52,"") | BA52: =IF(AO52<AC52+1,AO52,"") | BB52: =IF(AP52<AC52+1,AP52,"") | BC52: =IF(AQ52<AC52+1,AQ52,"") | BD52: =S52&AR52&AD52 -> 11900 | BE52: =S52&AS52&AD52 -> 1900 | BF52: =S52&AT52&AD52 -> 1900 | BG52: =S52&AU52&AD52 -> 1900 | BH52: =S52&AV52&AD52 -> 1900 | BI52: =S52&AW52&AD52 -> 1900 | BJ52: =S52&AX52&AD52 -> 1900 | BK52: =S52&AY52&AD52 -> 1900 | BL52: =S52&AZ52&AD52 -> 1900 | BM52: =S52&BA52&AD52 -> 1900 | BN52: =S52&BB52&AD52 -> 1900 | BO52: =S52&BC52&AD52 -> 1900
... H563: =VLOOKUP(F563,MASTER!$B$2:$C$13,2,FALSE) -> #N/A | AA563: =IF(ISNA(MATCH(O563,SERTIFIKAT!$G$2:$G$237,0)),"","SERTIFIKAT SELESAI") | AB563: =MONTH(V563) -> 1 | AC563: =MONTH(W563) -> 1 | AD563: =YEAR(V563) -> 1900 | AE563: =YEAR(W563) -> 1900 | AF563: =AB563 -> 1 | AG563: =AF563+1 -> 2 | AH563: =AG563+1 -> 3 | AI563: =AH563+1 -> 4 | AJ563: =AI563+1 -> 5 | AK563: =AJ563+1 -> 6 | AL563: =AK563+1 -> 7 | AM563: =AL563+1 -> 8 | AN563: =AM563+1 -> 9 | ... AQ563: =AP563+1 -> 12 | AR563: =IF(AF563<AC563+1,AF563,"") -> 1 | AS563: =IF(AG563<AC563+1,AG563,"") | AT563: =IF(AH563<AC563+1,AH563,"") | AU563: =IF(AI563<AC563+1,AI563,"") | AV563: =IF(AJ563<AC563+1,AJ563,"") | AW563: =IF(AK563<AC563+1,AK563,"") | AX563: =IF(AL563<AC563+1,AL563,"") | AY563: =IF(AM563<AC563+1,AM563,"") | AZ563: =IF(AN563<AC563+1,AN563,"") | BA563: =IF(AO563<AC563+1,AO563,"") | BB563: =IF(AP563<AC563+1,AP563,"") | BC563: =IF(AQ563<AC563+1,AQ563,"") | BD563: =S563&AR563&AD563 -> 11900 | BE563: =S563&AS563&AD563 -> 1900 | BF563: =S563&AT563&AD563 -> 1900 | BG563: =S563&AU563&AD563 -> 1900 | BH563: =S563&AV563&AD563 -> 1900 | BI563: =S563&AW563&AD563 -> 1900 | BJ563: =S563&AX563&AD563 -> 1900 | BK563: =S563&AY563&AD563 -> 1900 | BL563: =S563&AZ563&AD563 -> 1900 | BM563: =S563&BA563&AD563 -> 1900 | BN563: =S563&BB563&AD563 -> 1900 | BO563: =S563&BC563&AD563 -> 1900
H564: =VLOOKUP(F564,MASTER!$B$2:$C$13,2,FALSE) -> #N/A | AB564: =MONTH(V564) -> 1 | AC564: =MONTH(W564) -> 1 | AD564: =YEAR(V564) -> 1900 | AE564: =YEAR(W564) -> 1900 | AF564: =AB564 -> 1 | AG564: =AF564+1 -> 2 | AH564: =AG564+1 -> 3 | AI564: =AH564+1 -> 4 | AJ564: =AI564+1 -> 5 | AK564: =AJ564+1 -> 6 | AL564: =AK564+1 -> 7 | AM564: =AL564+1 -> 8 | AN564: =AM564+1 -> 9 | ... AQ564: =AP564+1 -> 12 | AR564: =IF(AF564<AC564+1,AF564,"") -> 1 | AS564: =IF(AG564<AC564+1,AG564,"") | AT564: =IF(AH564<AC564+1,AH564,"") | AU564: =IF(AI564<AC564+1,AI564,"") | AV564: =IF(AJ564<AC564+1,AJ564,"") | AW564: =IF(AK564<AC564+1,AK564,"") | AX564: =IF(AL564<AC564+1,AL564,"") | AY564: =IF(AM564<AC564+1,AM564,"") | AZ564: =IF(AN564<AC564+1,AN564,"") | BA564: =IF(AO564<AC564+1,AO564,"") | BB564: =IF(AP564<AC564+1,AP564,"") | BC564: =IF(AQ564<AC564+1,AQ564,"") | BD564: =S564&AR564&AD564 -> 11900 | BE564: =S564&AS564&AD564 -> 1900 | BF564: =S564&AT564&AD564 -> 1900 | BG564: =S564&AU564&AD564 -> 1900 | BH564: =S564&AV564&AD564 -> 1900 | BI564: =S564&AW564&AD564 -> 1900 | BJ564: =S564&AX564&AD564 -> 1900 | BK564: =S564&AY564&AD564 -> 1900 | BL564: =S564&AZ564&AD564 -> 1900 | BM564: =S564&BA564&AD564 -> 1900 | BN564: =S564&BB564&AD564 -> 1900 | BO564: =S564&BC564&AD564 -> 1900
H565: =VLOOKUP(F565,MASTER!$B$2:$C$13,2,FALSE) -> #N/A | AB565: =MONTH(V565) -> 1 | AC565: =MONTH(W565) -> 1 | AD565: =YEAR(V565) -> 1900 | AE565: =YEAR(W565) -> 1900 | AF565: =AB565 -> 1 | AG565: =AF565+1 -> 2 | AH565: =AG565+1 -> 3 | AI565: =AH565+1 -> 4 | AJ565: =AI565+1 -> 5 | AK565: =AJ565+1 -> 6 | AL565: =AK565+1 -> 7 | AM565: =AL565+1 -> 8 | AN565: =AM565+1 -> 9 | ... AQ565: =AP565+1 -> 12 | AR565: =IF(AF565<AC565+1,AF565,"") -> 1 | AS565: =IF(AG565<AC565+1,AG565,"") | AT565: =IF(AH565<AC565+1,AH565,"") | AU565: =IF(AI565<AC565+1,AI565,"") | AV565: =IF(AJ565<AC565+1,AJ565,"") | AW565: =IF(AK565<AC565+1,AK565,"") | AX565: =IF(AL565<AC565+1,AL565,"") | AY565: =IF(AM565<AC565+1,AM565,"") | AZ565: =IF(AN565<AC565+1,AN565,"") | BA565: =IF(AO565<AC565+1,AO565,"") | BB565: =IF(AP565<AC565+1,AP565,"") | BC565: =IF(AQ565<AC565+1,AQ565,"") | BD565: =S565&AR565&AD565 -> 11900 | BE565: =S565&AS565&AD565 -> 1900 | BF565: =S565&AT565&AD565 -> 1900 | BG565: =S565&AU565&AD565 -> 1900 | BH565: =S565&AV565&AD565 -> 1900 | BI565: =S565&AW565&AD565 -> 1900 | BJ565: =S565&AX565&AD565 -> 1900 | BK565: =S565&AY565&AD565 -> 1900 | BL565: =S565&AZ565&AD565 -> 1900 | BM565: =S565&BA565&AD565 -> 1900 | BN565: =S565&BB565&AD565 -> 1900 | BO565: =S565&BC565&AD565 -> 1900
H566: =VLOOKUP(F566,MASTER!$B$2:$C$13,2,FALSE) -> #N/A | AB566: =MONTH(V566) -> 1 | AC566: =MONTH(W566) -> 1 | AD566: =YEAR(V566) -> 1900 | AE566: =YEAR(W566) -> 1900 | AF566: =AB566 -> 1 | AG566: =AF566+1 -> 2 | AH566: =AG566+1 -> 3 | AI566: =AH566+1 -> 4 | AJ566: =AI566+1 -> 5 | AK566: =AJ566+1 -> 6 | AL566: =AK566+1 -> 7 | AM566: =AL566+1 -> 8 | AN566: =AM566+1 -> 9 | ... AQ566: =AP566+1 -> 12 | AR566: =IF(AF566<AC566+1,AF566,"") -> 1 | AS566: =IF(AG566<AC566+1,AG566,"") | AT566: =IF(AH566<AC566+1,AH566,"") | AU566: =IF(AI566<AC566+1,AI566,"") | AV566: =IF(AJ566<AC566+1,AJ566,"") | AW566: =IF(AK566<AC566+1,AK566,"") | AX566: =IF(AL566<AC566+1,AL566,"") | AY566: =IF(AM566<AC566+1,AM566,"") | AZ566: =IF(AN566<AC566+1,AN566,"") | BA566: =IF(AO566<AC566+1,AO566,"") | BB566: =IF(AP566<AC566+1,AP566,"") | BC566: =IF(AQ566<AC566+1,AQ566,"") | BD566: =S566&AR566&AD566 -> 11900 | BE566: =S566&AS566&AD566 -> 1900 | BF566: =S566&AT566&AD566 -> 1900 | BG566: =S566&AU566&AD566 -> 1900 | BH566: =S566&AV566&AD566 -> 1900 | BI566: =S566&AW566&AD566 -> 1900 | BJ566: =S566&AX566&AD566 -> 1900 | BK566: =S566&AY566&AD566 -> 1900 | BL566: =S566&AZ566&AD566 -> 1900 | BM566: =S566&BA566&AD566 -> 1900 | BN566: =S566&BB566&AD566 -> 1900 | BO566: =S566&BC566&AD566 -> 1900
H567: =VLOOKUP(F567,MASTER!$B$2:$C$13,2,FALSE) -> #N/A | AB567: =MONTH(V567) -> 1 | AC567: =MONTH(W567) -> 1 | AD567: =YEAR(V567) -> 1900 | AE567: =YEAR(W567) -> 1900 | AF567: =AB567 -> 1 | AG567: =AF567+1 -> 2 | AH567: =AG567+1 -> 3 | AI567: =AH567+1 -> 4 | AJ567: =AI567+1 -> 5 | AK567: =AJ567+1 -> 6 | AL567: =AK567+1 -> 7 | AM567: =AL567+1 -> 8 | AN567: =AM567+1 -> 9 | ... AQ567: =AP567+1 -> 12 | AR567: =IF(AF567<AC567+1,AF567,"") -> 1 | AS567: =IF(AG567<AC567+1,AG567,"") | AT567: =IF(AH567<AC567+1,AH567,"") | AU567: =IF(AI567<AC567+1,AI567,"") | AV567: =IF(AJ567<AC567+1,AJ567,"") | AW567: =IF(AK567<AC567+1,AK567,"") | AX567: =IF(AL567<AC567+1,AL567,"") | AY567: =IF(AM567<AC567+1,AM567,"") | AZ567: =IF(AN567<AC567+1,AN567,"") | BA567: =IF(AO567<AC567+1,AO567,"") | BB567: =IF(AP567<AC567+1,AP567,"") | BC567: =IF(AQ567<AC567+1,AQ567,"") | BD567: =S567&AR567&AD567 -> 11900 | BE567: =S567&AS567&AD567 -> 1900 | BF567: =S567&AT567&AD567 -> 1900 | BG567: =S567&AU567&AD567 -> 1900 | BH567: =S567&AV567&AD567 -> 1900 | BI567: =S567&AW567&AD567 -> 1900 | BJ567: =S567&AX567&AD567 -> 1900 | BK567: =S567&AY567&AD567 -> 1900 | BL567: =S567&AZ567&AD567 -> 1900 | BM567: =S567&BA567&AD567 -> 1900 | BN567: =S567&BB567&AD567 -> 1900 | BO567: =S567&BC567&AD567 -> 1900
H568: =VLOOKUP(F568,MASTER!$B$2:$C$13,2,FALSE) -> #N/A | AB568: =MONTH(V568) -> 1 | AC568: =MONTH(W568) -> 1 | AD568: =YEAR(V568) -> 1900 | AE568: =YEAR(W568) -> 1900 | AF568: =AB568 -> 1 | AG568: =AF568+1 -> 2 | AH568: =AG568+1 -> 3 | AI568: =AH568+1 -> 4 | AJ568: =AI568+1 -> 5 | AK568: =AJ568+1 -> 6 | AL568: =AK568+1 -> 7 | AM568: =AL568+1 -> 8 | AN568: =AM568+1 -> 9 | ... AQ568: =AP568+1 -> 12 | AR568: =IF(AF568<AC568+1,AF568,"") -> 1 | AS568: =IF(AG568<AC568+1,AG568,"") | AT568: =IF(AH568<AC568+1,AH568,"") | AU568: =IF(AI568<AC568+1,AI568,"") | AV568: =IF(AJ568<AC568+1,AJ568,"") | AW568: =IF(AK568<AC568+1,AK568,"") | AX568: =IF(AL568<AC568+1,AL568,"") | AY568: =IF(AM568<AC568+1,AM568,"") | AZ568: =IF(AN568<AC568+1,AN568,"") | BA568: =IF(AO568<AC568+1,AO568,"") | BB568: =IF(AP568<AC568+1,AP568,"") | BC568: =IF(AQ568<AC568+1,AQ568,"") | BD568: =S568&AR568&AD568 -> 11900 | BE568: =S568&AS568&AD568 -> 1900 | BF568: =S568&AT568&AD568 -> 1900 | BG568: =S568&AU568&AD568 -> 1900 | BH568: =S568&AV568&AD568 -> 1900 | BI568: =S568&AW568&AD568 -> 1900 | BJ568: =S568&AX568&AD568 -> 1900 | BK568: =S568&AY568&AD568 -> 1900 | BL568: =S568&AZ568&AD568 -> 1900 | BM568: =S568&BA568&AD568 -> 1900 | BN568: =S568&BB568&AD568 -> 1900 | BO568: =S568&BC568&AD568 -> 1900
H569: =VLOOKUP(F569,MASTER!$B$2:$C$13,2,FALSE) -> #N/A | AB569: =MONTH(V569) -> 1 | AC569: =MONTH(W569) -> 1 | AD569: =YEAR(V569) -> 1900 | AE569: =YEAR(W569) -> 1900 | AF569: =AB569 -> 1 | AG569: =AF569+1 -> 2 | AH569: =AG569+1 -> 3 | AI569: =AH569+1 -> 4 | AJ569: =AI569+1 -> 5 | AK569: =AJ569+1 -> 6 | AL569: =AK569+1 -> 7 | AM569: =AL569+1 -> 8 | AN569: =AM569+1 -> 9 | ... AQ569: =AP569+1 -> 12 | AR569: =IF(AF569<AC569+1,AF569,"") -> 1 | AS569: =IF(AG569<AC569+1,AG569,"") | AT569: =IF(AH569<AC569+1,AH569,"") | AU569: =IF(AI569<AC569+1,AI569,"") | AV569: =IF(AJ569<AC569+1,AJ569,"") | AW569: =IF(AK569<AC569+1,AK569,"") | AX569: =IF(AL569<AC569+1,AL569,"") | AY569: =IF(AM569<AC569+1,AM569,"") | AZ569: =IF(AN569<AC569+1,AN569,"") | BA569: =IF(AO569<AC569+1,AO569,"") | BB569: =IF(AP569<AC569+1,AP569,"") | BC569: =IF(AQ569<AC569+1,AQ569,"") | BD569: =S569&AR569&AD569 -> 11900 | BE569: =S569&AS569&AD569 -> 1900 | BF569: =S569&AT569&AD569 -> 1900 | BG569: =S569&AU569&AD569 -> 1900 | BH569: =S569&AV569&AD569 -> 1900 | BI569: =S569&AW569&AD569 -> 1900 | BJ569: =S569&AX569&AD569 -> 1900 | BK569: =S569&AY569&AD569 -> 1900 | BL569: =S569&AZ569&AD569 -> 1900 | BM569: =S569&BA569&AD569 -> 1900 | BN569: =S569&BB569&AD569 -> 1900 | BO569: =S569&BC569&AD569 -> 1900
H570: =VLOOKUP(F570,MASTER!$B$2:$C$13,2,FALSE) -> #N/A | AB570: =MONTH(V570) -> 1 | AC570: =MONTH(W570) -> 1 | AD570: =YEAR(V570) -> 1900 | AE570: =YEAR(W570) -> 1900 | AF570: =AB570 -> 1 | AG570: =AF570+1 -> 2 | AH570: =AG570+1 -> 3 | AI570: =AH570+1 -> 4 | AJ570: =AI570+1 -> 5 | AK570: =AJ570+1 -> 6 | AL570: =AK570+1 -> 7 | AM570: =AL570+1 -> 8 | AN570: =AM570+1 -> 9 | ... AQ570: =AP570+1 -> 12 | AR570: =IF(AF570<AC570+1,AF570,"") -> 1 | AS570: =IF(AG570<AC570+1,AG570,"") | AT570: =IF(AH570<AC570+1,AH570,"") | AU570: =IF(AI570<AC570+1,AI570,"") | AV570: =IF(AJ570<AC570+1,AJ570,"") | AW570: =IF(AK570<AC570+1,AK570,"") | AX570: =IF(AL570<AC570+1,AL570,"") | AY570: =IF(AM570<AC570+1,AM570,"") | AZ570: =IF(AN570<AC570+1,AN570,"") | BA570: =IF(AO570<AC570+1,AO570,"") | BB570: =IF(AP570<AC570+1,AP570,"") | BC570: =IF(AQ570<AC570+1,AQ570,"") | BD570: =S570&AR570&AD570 -> 11900 | BE570: =S570&AS570&AD570 -> 1900 | BF570: =S570&AT570&AD570 -> 1900 | BG570: =S570&AU570&AD570 -> 1900 | BH570: =S570&AV570&AD570 -> 1900 | BI570: =S570&AW570&AD570 -> 1900 | BJ570: =S570&AX570&AD570 -> 1900 | BK570: =S570&AY570&AD570 -> 1900 | BL570: =S570&AZ570&AD570 -> 1900 | BM570: =S570&BA570&AD570 -> 1900 | BN570: =S570&BB570&AD570 -> 1900 | BO570: =S570&BC570&AD570 -> 1900
H571: =VLOOKUP(F571,MASTER!$B$2:$C$13,2,FALSE) -> #N/A | AB571: =MONTH(V571) -> 1 | AC571: =MONTH(W571) -> 1 | AD571: =YEAR(V571) -> 1900 | AE571: =YEAR(W571) -> 1900 | AF571: =AB571 -> 1 | AG571: =AF571+1 -> 2 | AH571: =AG571+1 -> 3 | AI571: =AH571+1 -> 4 | AJ571: =AI571+1 -> 5 | AK571: =AJ571+1 -> 6 | AL571: =AK571+1 -> 7 | AM571: =AL571+1 -> 8 | AN571: =AM571+1 -> 9 | ... AQ571: =AP571+1 -> 12 | AR571: =IF(AF571<AC571+1,AF571,"") -> 1 | AS571: =IF(AG571<AC571+1,AG571,"") | AT571: =IF(AH571<AC571+1,AH571,"") | AU571: =IF(AI571<AC571+1,AI571,"") | AV571: =IF(AJ571<AC571+1,AJ571,"") | AW571: =IF(AK571<AC571+1,AK571,"") | AX571: =IF(AL571<AC571+1,AL571,"") | AY571: =IF(AM571<AC571+1,AM571,"") | AZ571: =IF(AN571<AC571+1,AN571,"") | BA571: =IF(AO571<AC571+1,AO571,"") | BB571: =IF(AP571<AC571+1,AP571,"") | BC571: =IF(AQ571<AC571+1,AQ571,"") | BD571: =S571&AR571&AD571 -> 11900 | BE571: =S571&AS571&AD571 -> 1900 | BF571: =S571&AT571&AD571 -> 1900 | BG571: =S571&AU571&AD571 -> 1900 | BH571: =S571&AV571&AD571 -> 1900 | BI571: =S571&AW571&AD571 -> 1900 | BJ571: =S571&AX571&AD571 -> 1900 | BK571: =S571&AY571&AD571 -> 1900 | BL571: =S571&AZ571&AD571 -> 1900 | BM571: =S571&BA571&AD571 -> 1900 | BN571: =S571&BB571&AD571 -> 1900 | BO571: =S571&BC571&AD571 -> 1900
H572: =VLOOKUP(F572,MASTER!$B$2:$C$13,2,FALSE) -> #N/A | AB572: =MONTH(V572) -> 1 | AC572: =MONTH(W572) -> 1 | AD572: =YEAR(V572) -> 1900 | AE572: =YEAR(W572) -> 1900 | AF572: =AB572 -> 1 | AG572: =AF572+1 -> 2 | AH572: =AG572+1 -> 3 | AI572: =AH572+1 -> 4 | AJ572: =AI572+1 -> 5 | AK572: =AJ572+1 -> 6 | AL572: =AK572+1 -> 7 | AM572: =AL572+1 -> 8 | AN572: =AM572+1 -> 9 | ... AQ572: =AP572+1 -> 12 | AR572: =IF(AF572<AC572+1,AF572,"") -> 1 | AS572: =IF(AG572<AC572+1,AG572,"") | AT572: =IF(AH572<AC572+1,AH572,"") | AU572: =IF(AI572<AC572+1,AI572,"") | AV572: =IF(AJ572<AC572+1,AJ572,"") | AW572: =IF(AK572<AC572+1,AK572,"") | AX572: =IF(AL572<AC572+1,AL572,"") | AY572: =IF(AM572<AC572+1,AM572,"") | AZ572: =IF(AN572<AC572+1,AN572,"") | BA572: =IF(AO572<AC572+1,AO572,"") | BB572: =IF(AP572<AC572+1,AP572,"") | BC572: =IF(AQ572<AC572+1,AQ572,"") | BD572: =S572&AR572&AD572 -> 11900 | BE572: =S572&AS572&AD572 -> 1900 | BF572: =S572&AT572&AD572 -> 1900 | BG572: =S572&AU572&AD572 -> 1900 | BH572: =S572&AV572&AD572 -> 1900 | BI572: =S572&AW572&AD572 -> 1900 | BJ572: =S572&AX572&AD572 -> 1900 | BK572: =S572&AY572&AD572 -> 1900 | BL572: =S572&AZ572&AD572 -> 1900 | BM572: =S572&BA572&AD572 -> 1900 | BN572: =S572&BB572&AD572 -> 1900 | BO572: =S572&BC572&AD572 -> 1900
H573: =VLOOKUP(F573,MASTER!$B$2:$C$13,2,FALSE) -> #N/A | AB573: =MONTH(V573) -> 1 | AC573: =MONTH(W573) -> 1 | AD573: =YEAR(V573) -> 1900 | AE573: =YEAR(W573) -> 1900 | AF573: =AB573 -> 1 | AG573: =AF573+1 -> 2 | AH573: =AG573+1 -> 3 | AI573: =AH573+1 -> 4 | AJ573: =AI573+1 -> 5 | AK573: =AJ573+1 -> 6 | AL573: =AK573+1 -> 7 | AM573: =AL573+1 -> 8 | AN573: =AM573+1 -> 9 | ... AQ573: =AP573+1 -> 12 | AR573: =IF(AF573<AC573+1,AF573,"") -> 1 | AS573: =IF(AG573<AC573+1,AG573,"") | AT573: =IF(AH573<AC573+1,AH573,"") | AU573: =IF(AI573<AC573+1,AI573,"") | AV573: =IF(AJ573<AC573+1,AJ573,"") | AW573: =IF(AK573<AC573+1,AK573,"") | AX573: =IF(AL573<AC573+1,AL573,"") | AY573: =IF(AM573<AC573+1,AM573,"") | AZ573: =IF(AN573<AC573+1,AN573,"") | BA573: =IF(AO573<AC573+1,AO573,"") | BB573: =IF(AP573<AC573+1,AP573,"") | BC573: =IF(AQ573<AC573+1,AQ573,"") | BD573: =S573&AR573&AD573 -> 11900 | BE573: =S573&AS573&AD573 -> 1900 | BF573: =S573&AT573&AD573 -> 1900 | BG573: =S573&AU573&AD573 -> 1900 | BH573: =S573&AV573&AD573 -> 1900 | BI573: =S573&AW573&AD573 -> 1900 | BJ573: =S573&AX573&AD573 -> 1900 | BK573: =S573&AY573&AD573 -> 1900 | BL573: =S573&AZ573&AD573 -> 1900 | BM573: =S573&BA573&AD573 -> 1900 | BN573: =S573&BB573&AD573 -> 1900 | BO573: =S573&BC573&AD573 -> 1900
H574: =VLOOKUP(F574,MASTER!$B$2:$C$13,2,FALSE) -> #N/A | AB574: =MONTH(V574) -> 1 | AC574: =MONTH(W574) -> 1 | AD574: =YEAR(V574) -> 1900 | AE574: =YEAR(W574) -> 1900 | AF574: =AB574 -> 1 | AG574: =AF574+1 -> 2 | AH574: =AG574+1 -> 3 | AI574: =AH574+1 -> 4 | AJ574: =AI574+1 -> 5 | AK574: =AJ574+1 -> 6 | AL574: =AK574+1 -> 7 | AM574: =AL574+1 -> 8 | AN574: =AM574+1 -> 9 | ... AQ574: =AP574+1 -> 12 | AR574: =IF(AF574<AC574+1,AF574,"") -> 1 | AS574: =IF(AG574<AC574+1,AG574,"") | AT574: =IF(AH574<AC574+1,AH574,"") | AU574: =IF(AI574<AC574+1,AI574,"") | AV574: =IF(AJ574<AC574+1,AJ574,"") | AW574: =IF(AK574<AC574+1,AK574,"") | AX574: =IF(AL574<AC574+1,AL574,"") | AY574: =IF(AM574<AC574+1,AM574,"") | AZ574: =IF(AN574<AC574+1,AN574,"") | BA574: =IF(AO574<AC574+1,AO574,"") | BB574: =IF(AP574<AC574+1,AP574,"") | BC574: =IF(AQ574<AC574+1,AQ574,"") | BD574: =S574&AR574&AD574 -> 11900 | BE574: =S574&AS574&AD574 -> 1900 | BF574: =S574&AT574&AD574 -> 1900 | BG574: =S574&AU574&AD574 -> 1900 | BH574: =S574&AV574&AD574 -> 1900 | BI574: =S574&AW574&AD574 -> 1900 | BJ574: =S574&AX574&AD574 -> 1900 | BK574: =S574&AY574&AD574 -> 1900 | BL574: =S574&AZ574&AD574 -> 1900 | BM574: =S574&BA574&AD574 -> 1900 | BN574: =S574&BB574&AD574 -> 1900 | BO574: =S574&BC574&AD574 -> 1900
H575: =VLOOKUP(F575,MASTER!$B$2:$C$13,2,FALSE) -> #N/A | AB575: =MONTH(V575) -> 1 | AC575: =MONTH(W575) -> 1 | AD575: =YEAR(V575) -> 1900 | AE575: =YEAR(W575) -> 1900 | AF575: =AB575 -> 1 | AG575: =AF575+1 -> 2 | AH575: =AG575+1 -> 3 | AI575: =AH575+1 -> 4 | AJ575: =AI575+1 -> 5 | AK575: =AJ575+1 -> 6 | AL575: =AK575+1 -> 7 | AM575: =AL575+1 -> 8 | AN575: =AM575+1 -> 9 | ... AQ575: =AP575+1 -> 12 | AR575: =IF(AF575<AC575+1,AF575,"") -> 1 | AS575: =IF(AG575<AC575+1,AG575,"") | AT575: =IF(AH575<AC575+1,AH575,"") | AU575: =IF(AI575<AC575+1,AI575,"") | AV575: =IF(AJ575<AC575+1,AJ575,"") | AW575: =IF(AK575<AC575+1,AK575,"") | AX575: =IF(AL575<AC575+1,AL575,"") | AY575: =IF(AM575<AC575+1,AM575,"") | AZ575: =IF(AN575<AC575+1,AN575,"") | BA575: =IF(AO575<AC575+1,AO575,"") | BB575: =IF(AP575<AC575+1,AP575,"") | BC575: =IF(AQ575<AC575+1,AQ575,"") | BD575: =S575&AR575&AD575 -> 11900 | BE575: =S575&AS575&AD575 -> 1900 | BF575: =S575&AT575&AD575 -> 1900 | BG575: =S575&AU575&AD575 -> 1900 | BH575: =S575&AV575&AD575 -> 1900 | BI575: =S575&AW575&AD575 -> 1900 | BJ575: =S575&AX575&AD575 -> 1900 | BK575: =S575&AY575&AD575 -> 1900 | BL575: =S575&AZ575&AD575 -> 1900 | BM575: =S575&BA575&AD575 -> 1900 | BN575: =S575&BB575&AD575 -> 1900 | BO575: =S575&BC575&AD575 -> 1900
... H1720: =VLOOKUP(F1720,MASTER!$B$2:$C$13,2,FALSE) -> #N/A | AB1720: =MONTH(V1720) -> 1 | AC1720: =MONTH(W1720) -> 1 | AD1720: =YEAR(V1720) -> 1900 | AE1720: =YEAR(W1720) -> 1900 | AF1720: =AB1720 -> 1 | AG1720: =AF1720+1 -> 2 | AH1720: =AG1720+1 -> 3 | AI1720: =AH1720+1 -> 4 | AJ1720: =AI1720+1 -> 5 | AK1720: =AJ1720+1 -> 6 | AL1720: =AK1720+1 -> 7 | AM1720: =AL1720+1 -> 8 | AN1720: =AM1720+1 -> 9 | ... AQ1720: =AP1720+1 -> 12 | AR1720: =IF(AF1720<AC1720+1,AF1720,"") -> 1 | AS1720: =IF(AG1720<AC1720+1,AG1720,"") | AT1720: =IF(AH1720<AC1720+1,AH1720,"") | AU1720: =IF(AI1720<AC1720+1,AI1720,"") | AV1720: =IF(AJ1720<AC1720+1,AJ1720,"") | AW1720: =IF(AK1720<AC1720+1,AK1720,"") | AX1720: =IF(AL1720<AC1720+1,AL1720,"") | AY1720: =IF(AM1720<AC1720+1,AM1720,"") | AZ1720: =IF(AN1720<AC1720+1,AN1720,"") | BA1720: =IF(AO1720<AC1720+1,AO1720,"") | BB1720: =IF(AP1720<AC1720+1,AP1720,"") | BC1720: =IF(AQ1720<AC1720+1,AQ1720,"") | BD1720: =S1720&AR1720&AD1720 -> 11900 | BE1720: =S1720&AS1720&AD1720 -> 1900 | BF1720: =S1720&AT1720&AD1720 -> 1900 | BG1720: =S1720&AU1720&AD1720 -> 1900 | BH1720: =S1720&AV1720&AD1720 -> 1900 | BI1720: =S1720&AW1720&AD1720 -> 1900 | BJ1720: =S1720&AX1720&AD1720 -> 1900 | BK1720: =S1720&AY1720&AD1720 -> 1900 | BL1720: =S1720&AZ1720&AD1720 -> 1900 | BM1720: =S1720&BA1720&AD1720 -> 1900 | BN1720: =S1720&BB1720&AD1720 -> 1900 | BO1720: =S1720&BC1720&AD1720 -> 1900
AB1721: =MONTH(V1721) -> 1 | AC1721: =MONTH(W1721) -> 1 | AD1721: =YEAR(V1721) -> 1900 | AE1721: =YEAR(W1721) -> 1900 | AF1721: =AB1721 -> 1 | AG1721: =AF1721+1 -> 2 | AH1721: =AG1721+1 -> 3 | AI1721: =AH1721+1 -> 4 | AJ1721: =AI1721+1 -> 5 | AK1721: =AJ1721+1 -> 6 | AL1721: =AK1721+1 -> 7 | AM1721: =AL1721+1 -> 8 | AN1721: =AM1721+1 -> 9 | ... AQ1721: =AP1721+1 -> 12 | AR1721: =IF(AF1721<AC1721+1,AF1721,"") -> 1 | AS1721: =IF(AG1721<AC1721+1,AG1721,"") | AT1721: =IF(AH1721<AC1721+1,AH1721,"") | AU1721: =IF(AI1721<AC1721+1,AI1721,"") | AV1721: =IF(AJ1721<AC1721+1,AJ1721,"") | AW1721: =IF(AK1721<AC1721+1,AK1721,"") | AX1721: =IF(AL1721<AC1721+1,AL1721,"") | AY1721: =IF(AM1721<AC1721+1,AM1721,"") | AZ1721: =IF(AN1721<AC1721+1,AN1721,"") | BA1721: =IF(AO1721<AC1721+1,AO1721,"") | BB1721: =IF(AP1721<AC1721+1,AP1721,"") | BC1721: =IF(AQ1721<AC1721+1,AQ1721,"") | BD1721: =S1721&AR1721&AD1721 -> 11900 | BE1721: =S1721&AS1721&AD1721 -> 1900 | BF1721: =S1721&AT1721&AD1721 -> 1900 | BG1721: =S1721&AU1721&AD1721 -> 1900 | BH1721: =S1721&AV1721&AD1721 -> 1900 | BI1721: =S1721&AW1721&AD1721 -> 1900 | BJ1721: =S1721&AX1721&AD1721 -> 1900 | BK1721: =S1721&AY1721&AD1721 -> 1900 | BL1721: =S1721&AZ1721&AD1721 -> 1900 | BM1721: =S1721&BA1721&AD1721 -> 1900 | BN1721: =S1721&BB1721&AD1721 -> 1900 | BO1721: =S1721&BC1721&AD1721 -> 1900
AB1722: =MONTH(V1722) -> 1 | AC1722: =MONTH(W1722) -> 1 | AD1722: =YEAR(V1722) -> 1900 | AE1722: =YEAR(W1722) -> 1900 | AF1722: =AB1722 -> 1 | AG1722: =AF1722+1 -> 2 | AH1722: =AG1722+1 -> 3 | AI1722: =AH1722+1 -> 4 | AJ1722: =AI1722+1 -> 5 | AK1722: =AJ1722+1 -> 6 | AL1722: =AK1722+1 -> 7 | AM1722: =AL1722+1 -> 8 | AN1722: =AM1722+1 -> 9 | ... AQ1722: =AP1722+1 -> 12 | AR1722: =IF(AF1722<AC1722+1,AF1722,"") -> 1 | AS1722: =IF(AG1722<AC1722+1,AG1722,"") | AT1722: =IF(AH1722<AC1722+1,AH1722,"") | AU1722: =IF(AI1722<AC1722+1,AI1722,"") | AV1722: =IF(AJ1722<AC1722+1,AJ1722,"") | AW1722: =IF(AK1722<AC1722+1,AK1722,"") | AX1722: =IF(AL1722<AC1722+1,AL1722,"") | AY1722: =IF(AM1722<AC1722+1,AM1722,"") | AZ1722: =IF(AN1722<AC1722+1,AN1722,"") | BA1722: =IF(AO1722<AC1722+1,AO1722,"") | BB1722: =IF(AP1722<AC1722+1,AP1722,"") | BC1722: =IF(AQ1722<AC1722+1,AQ1722,"") | BD1722: =S1722&AR1722&AD1722 -> 11900 | BE1722: =S1722&AS1722&AD1722 -> 1900 | BF1722: =S1722&AT1722&AD1722 -> 1900 | BG1722: =S1722&AU1722&AD1722 -> 1900 | BH1722: =S1722&AV1722&AD1722 -> 1900 | BI1722: =S1722&AW1722&AD1722 -> 1900 | BJ1722: =S1722&AX1722&AD1722 -> 1900 | BK1722: =S1722&AY1722&AD1722 -> 1900 | BL1722: =S1722&AZ1722&AD1722 -> 1900 | BM1722: =S1722&BA1722&AD1722 -> 1900 | BN1722: =S1722&BB1722&AD1722 -> 1900 | BO1722: =S1722&BC1722&AD1722 -> 1900
AB1723: =MONTH(V1723) -> 1 | AC1723: =MONTH(W1723) -> 1 | AD1723: =YEAR(V1723) -> 1900 | AE1723: =YEAR(W1723) -> 1900 | AF1723: =AB1723 -> 1 | AG1723: =AF1723+1 -> 2 | AH1723: =AG1723+1 -> 3 | AI1723: =AH1723+1 -> 4 | AJ1723: =AI1723+1 -> 5 | AK1723: =AJ1723+1 -> 6 | AL1723: =AK1723+1 -> 7 | AM1723: =AL1723+1 -> 8 | AN1723: =AM1723+1 -> 9 | ... AQ1723: =AP1723+1 -> 12 | AR1723: =IF(AF1723<AC1723+1,AF1723,"") -> 1 | AS1723: =IF(AG1723<AC1723+1,AG1723,"") | AT1723: =IF(AH1723<AC1723+1,AH1723,"") | AU1723: =IF(AI1723<AC1723+1,AI1723,"") | AV1723: =IF(AJ1723<AC1723+1,AJ1723,"") | AW1723: =IF(AK1723<AC1723+1,AK1723,"") | AX1723: =IF(AL1723<AC1723+1,AL1723,"") | AY1723: =IF(AM1723<AC1723+1,AM1723,"") | AZ1723: =IF(AN1723<AC1723+1,AN1723,"") | BA1723: =IF(AO1723<AC1723+1,AO1723,"") | BB1723: =IF(AP1723<AC1723+1,AP1723,"") | BC1723: =IF(AQ1723<AC1723+1,AQ1723,"") | BD1723: =S1723&AR1723&AD1723 -> 11900 | BE1723: =S1723&AS1723&AD1723 -> 1900 | BF1723: =S1723&AT1723&AD1723 -> 1900 | BG1723: =S1723&AU1723&AD1723 -> 1900 | BH1723: =S1723&AV1723&AD1723 -> 1900 | BI1723: =S1723&AW1723&AD1723 -> 1900 | BJ1723: =S1723&AX1723&AD1723 -> 1900 | BK1723: =S1723&AY1723&AD1723 -> 1900 | BL1723: =S1723&AZ1723&AD1723 -> 1900 | BM1723: =S1723&BA1723&AD1723 -> 1900 | BN1723: =S1723&BB1723&AD1723 -> 1900 | BO1723: =S1723&BC1723&AD1723 -> 1900
AB1724: =MONTH(V1724) -> 1 | AC1724: =MONTH(W1724) -> 1 | AD1724: =YEAR(V1724) -> 1900 | AE1724: =YEAR(W1724) -> 1900 | AF1724: =AB1724 -> 1 | AG1724: =AF1724+1 -> 2 | AH1724: =AG1724+1 -> 3 | AI1724: =AH1724+1 -> 4 | AJ1724: =AI1724+1 -> 5 | AK1724: =AJ1724+1 -> 6 | AL1724: =AK1724+1 -> 7 | AM1724: =AL1724+1 -> 8 | AN1724: =AM1724+1 -> 9 | ... AQ1724: =AP1724+1 -> 12 | AR1724: =IF(AF1724<AC1724+1,AF1724,"") -> 1 | AS1724: =IF(AG1724<AC1724+1,AG1724,"") | AT1724: =IF(AH1724<AC1724+1,AH1724,"") | AU1724: =IF(AI1724<AC1724+1,AI1724,"") | AV1724: =IF(AJ1724<AC1724+1,AJ1724,"") | AW1724: =IF(AK1724<AC1724+1,AK1724,"") | AX1724: =IF(AL1724<AC1724+1,AL1724,"") | AY1724: =IF(AM1724<AC1724+1,AM1724,"") | AZ1724: =IF(AN1724<AC1724+1,AN1724,"") | BA1724: =IF(AO1724<AC1724+1,AO1724,"") | BB1724: =IF(AP1724<AC1724+1,AP1724,"") | BC1724: =IF(AQ1724<AC1724+1,AQ1724,"") | BD1724: =S1724&AR1724&AD1724 -> 11900 | BE1724: =S1724&AS1724&AD1724 -> 1900 | BF1724: =S1724&AT1724&AD1724 -> 1900 | BG1724: =S1724&AU1724&AD1724 -> 1900 | BH1724: =S1724&AV1724&AD1724 -> 1900 | BI1724: =S1724&AW1724&AD1724 -> 1900 | BJ1724: =S1724&AX1724&AD1724 -> 1900 | BK1724: =S1724&AY1724&AD1724 -> 1900 | BL1724: =S1724&AZ1724&AD1724 -> 1900 | BM1724: =S1724&BA1724&AD1724 -> 1900 | BN1724: =S1724&BB1724&AD1724 -> 1900 | BO1724: =S1724&BC1724&AD1724 -> 1900
AB1725: =MONTH(V1725) -> 1 | AC1725: =MONTH(W1725) -> 1 | AD1725: =YEAR(V1725) -> 1900 | AE1725: =YEAR(W1725) -> 1900 | AF1725: =AB1725 -> 1 | AG1725: =AF1725+1 -> 2 | AH1725: =AG1725+1 -> 3 | AI1725: =AH1725+1 -> 4 | AJ1725: =AI1725+1 -> 5 | AK1725: =AJ1725+1 -> 6 | AL1725: =AK1725+1 -> 7 | AM1725: =AL1725+1 -> 8 | AN1725: =AM1725+1 -> 9 | ... AQ1725: =AP1725+1 -> 12 | AR1725: =IF(AF1725<AC1725+1,AF1725,"") -> 1 | AS1725: =IF(AG1725<AC1725+1,AG1725,"") | AT1725: =IF(AH1725<AC1725+1,AH1725,"") | AU1725: =IF(AI1725<AC1725+1,AI1725,"") | AV1725: =IF(AJ1725<AC1725+1,AJ1725,"") | AW1725: =IF(AK1725<AC1725+1,AK1725,"") | AX1725: =IF(AL1725<AC1725+1,AL1725,"") | AY1725: =IF(AM1725<AC1725+1,AM1725,"") | AZ1725: =IF(AN1725<AC1725+1,AN1725,"") | BA1725: =IF(AO1725<AC1725+1,AO1725,"") | BB1725: =IF(AP1725<AC1725+1,AP1725,"") | BC1725: =IF(AQ1725<AC1725+1,AQ1725,"") | BD1725: =S1725&AR1725&AD1725 -> 11900 | BE1725: =S1725&AS1725&AD1725 -> 1900 | BF1725: =S1725&AT1725&AD1725 -> 1900 | BG1725: =S1725&AU1725&AD1725 -> 1900 | BH1725: =S1725&AV1725&AD1725 -> 1900 | BI1725: =S1725&AW1725&AD1725 -> 1900 | BJ1725: =S1725&AX1725&AD1725 -> 1900 | BK1725: =S1725&AY1725&AD1725 -> 1900 | BL1725: =S1725&AZ1725&AD1725 -> 1900 | BM1725: =S1725&BA1725&AD1725 -> 1900 | BN1725: =S1725&BB1725&AD1725 -> 1900 | BO1725: =S1725&BC1725&AD1725 -> 1900
AB1726: =MONTH(V1726) -> 1 | AC1726: =MONTH(W1726) -> 1 | AD1726: =YEAR(V1726) -> 1900 | AE1726: =YEAR(W1726) -> 1900 | AF1726: =AB1726 -> 1 | AG1726: =AF1726+1 -> 2 | AH1726: =AG1726+1 -> 3 | AI1726: =AH1726+1 -> 4 | AJ1726: =AI1726+1 -> 5 | AK1726: =AJ1726+1 -> 6 | AL1726: =AK1726+1 -> 7 | AM1726: =AL1726+1 -> 8 | AN1726: =AM1726+1 -> 9 | ... AQ1726: =AP1726+1 -> 12 | AR1726: =IF(AF1726<AC1726+1,AF1726,"") -> 1 | AS1726: =IF(AG1726<AC1726+1,AG1726,"") | AT1726: =IF(AH1726<AC1726+1,AH1726,"") | AU1726: =IF(AI1726<AC1726+1,AI1726,"") | AV1726: =IF(AJ1726<AC1726+1,AJ1726,"") | AW1726: =IF(AK1726<AC1726+1,AK1726,"") | AX1726: =IF(AL1726<AC1726+1,AL1726,"") | AY1726: =IF(AM1726<AC1726+1,AM1726,"") | AZ1726: =IF(AN1726<AC1726+1,AN1726,"") | BA1726: =IF(AO1726<AC1726+1,AO1726,"") | BB1726: =IF(AP1726<AC1726+1,AP1726,"") | BC1726: =IF(AQ1726<AC1726+1,AQ1726,"") | BD1726: =S1726&AR1726&AD1726 -> 11900 | BE1726: =S1726&AS1726&AD1726 -> 1900 | BF1726: =S1726&AT1726&AD1726 -> 1900 | BG1726: =S1726&AU1726&AD1726 -> 1900 | BH1726: =S1726&AV1726&AD1726 -> 1900 | BI1726: =S1726&AW1726&AD1726 -> 1900 | BJ1726: =S1726&AX1726&AD1726 -> 1900 | BK1726: =S1726&AY1726&AD1726 -> 1900 | BL1726: =S1726&AZ1726&AD1726 -> 1900 | BM1726: =S1726&BA1726&AD1726 -> 1900 | BN1726: =S1726&BB1726&AD1726 -> 1900 | BO1726: =S1726&BC1726&AD1726 -> 1900
AB1727: =MONTH(V1727) -> 1 | AC1727: =MONTH(W1727) -> 1 | AD1727: =YEAR(V1727) -> 1900 | AE1727: =YEAR(W1727) -> 1900 | AF1727: =AB1727 -> 1 | AG1727: =AF1727+1 -> 2 | AH1727: =AG1727+1 -> 3 | AI1727: =AH1727+1 -> 4 | AJ1727: =AI1727+1 -> 5 | AK1727: =AJ1727+1 -> 6 | AL1727: =AK1727+1 -> 7 | AM1727: =AL1727+1 -> 8 | AN1727: =AM1727+1 -> 9 | ... AQ1727: =AP1727+1 -> 12 | AR1727: =IF(AF1727<AC1727+1,AF1727,"") -> 1 | AS1727: =IF(AG1727<AC1727+1,AG1727,"") | AT1727: =IF(AH1727<AC1727+1,AH1727,"") | AU1727: =IF(AI1727<AC1727+1,AI1727,"") | AV1727: =IF(AJ1727<AC1727+1,AJ1727,"") | AW1727: =IF(AK1727<AC1727+1,AK1727,"") | AX1727: =IF(AL1727<AC1727+1,AL1727,"") | AY1727: =IF(AM1727<AC1727+1,AM1727,"") | AZ1727: =IF(AN1727<AC1727+1,AN1727,"") | BA1727: =IF(AO1727<AC1727+1,AO1727,"") | BB1727: =IF(AP1727<AC1727+1,AP1727,"") | BC1727: =IF(AQ1727<AC1727+1,AQ1727,"") | BD1727: =S1727&AR1727&AD1727 -> 11900 | BE1727: =S1727&AS1727&AD1727 -> 1900 | BF1727: =S1727&AT1727&AD1727 -> 1900 | BG1727: =S1727&AU1727&AD1727 -> 1900 | BH1727: =S1727&AV1727&AD1727 -> 1900 | BI1727: =S1727&AW1727&AD1727 -> 1900 | BJ1727: =S1727&AX1727&AD1727 -> 1900 | BK1727: =S1727&AY1727&AD1727 -> 1900 | BL1727: =S1727&AZ1727&AD1727 -> 1900 | BM1727: =S1727&BA1727&AD1727 -> 1900 | BN1727: =S1727&BB1727&AD1727 -> 1900 | BO1727: =S1727&BC1727&AD1727 -> 1900
AB1728: =MONTH(V1728) -> 1 | AC1728: =MONTH(W1728) -> 1 | AD1728: =YEAR(V1728) -> 1900 | AE1728: =YEAR(W1728) -> 1900 | AF1728: =AB1728 -> 1 | AG1728: =AF1728+1 -> 2 | AH1728: =AG1728+1 -> 3 | AI1728: =AH1728+1 -> 4 | AJ1728: =AI1728+1 -> 5 | AK1728: =AJ1728+1 -> 6 | AL1728: =AK1728+1 -> 7 | AM1728: =AL1728+1 -> 8 | AN1728: =AM1728+1 -> 9 | ... AQ1728: =AP1728+1 -> 12 | AR1728: =IF(AF1728<AC1728+1,AF1728,"") -> 1 | AS1728: =IF(AG1728<AC1728+1,AG1728,"") | AT1728: =IF(AH1728<AC1728+1,AH1728,"") | AU1728: =IF(AI1728<AC1728+1,AI1728,"") | AV1728: =IF(AJ1728<AC1728+1,AJ1728,"") | AW1728: =IF(AK1728<AC1728+1,AK1728,"") | AX1728: =IF(AL1728<AC1728+1,AL1728,"") | AY1728: =IF(AM1728<AC1728+1,AM1728,"") | AZ1728: =IF(AN1728<AC1728+1,AN1728,"") | BA1728: =IF(AO1728<AC1728+1,AO1728,"") | BB1728: =IF(AP1728<AC1728+1,AP1728,"") | BC1728: =IF(AQ1728<AC1728+1,AQ1728,"") | BD1728: =S1728&AR1728&AD1728 -> 11900 | BE1728: =S1728&AS1728&AD1728 -> 1900 | BF1728: =S1728&AT1728&AD1728 -> 1900 | BG1728: =S1728&AU1728&AD1728 -> 1900 | BH1728: =S1728&AV1728&AD1728 -> 1900 | BI1728: =S1728&AW1728&AD1728 -> 1900 | BJ1728: =S1728&AX1728&AD1728 -> 1900 | BK1728: =S1728&AY1728&AD1728 -> 1900 | BL1728: =S1728&AZ1728&AD1728 -> 1900 | BM1728: =S1728&BA1728&AD1728 -> 1900 | BN1728: =S1728&BB1728&AD1728 -> 1900 | BO1728: =S1728&BC1728&AD1728 -> 1900
AB1729: =MONTH(V1729) -> 1 | AC1729: =MONTH(W1729) -> 1 | AD1729: =YEAR(V1729) -> 1900 | AE1729: =YEAR(W1729) -> 1900 | AF1729: =AB1729 -> 1 | AG1729: =AF1729+1 -> 2 | AH1729: =AG1729+1 -> 3 | AI1729: =AH1729+1 -> 4 | AJ1729: =AI1729+1 -> 5 | AK1729: =AJ1729+1 -> 6 | AL1729: =AK1729+1 -> 7 | AM1729: =AL1729+1 -> 8 | AN1729: =AM1729+1 -> 9 | ... AQ1729: =AP1729+1 -> 12 | AR1729: =IF(AF1729<AC1729+1,AF1729,"") -> 1 | AS1729: =IF(AG1729<AC1729+1,AG1729,"") | AT1729: =IF(AH1729<AC1729+1,AH1729,"") | AU1729: =IF(AI1729<AC1729+1,AI1729,"") | AV1729: =IF(AJ1729<AC1729+1,AJ1729,"") | AW1729: =IF(AK1729<AC1729+1,AK1729,"") | AX1729: =IF(AL1729<AC1729+1,AL1729,"") | AY1729: =IF(AM1729<AC1729+1,AM1729,"") | AZ1729: =IF(AN1729<AC1729+1,AN1729,"") | BA1729: =IF(AO1729<AC1729+1,AO1729,"") | BB1729: =IF(AP1729<AC1729+1,AP1729,"") | BC1729: =IF(AQ1729<AC1729+1,AQ1729,"") | BD1729: =S1729&AR1729&AD1729 -> 11900 | BE1729: =S1729&AS1729&AD1729 -> 1900 | BF1729: =S1729&AT1729&AD1729 -> 1900 | BG1729: =S1729&AU1729&AD1729 -> 1900 | BH1729: =S1729&AV1729&AD1729 -> 1900 | BI1729: =S1729&AW1729&AD1729 -> 1900 | BJ1729: =S1729&AX1729&AD1729 -> 1900 | BK1729: =S1729&AY1729&AD1729 -> 1900 | BL1729: =S1729&AZ1729&AD1729 -> 1900 | BM1729: =S1729&BA1729&AD1729 -> 1900 | BN1729: =S1729&BB1729&AD1729 -> 1900 | BO1729: =S1729&BC1729&AD1729 -> 1900
AB1730: =MONTH(V1730) -> 1 | AC1730: =MONTH(W1730) -> 1 | AD1730: =YEAR(V1730) -> 1900 | AE1730: =YEAR(W1730) -> 1900 | AF1730: =AB1730 -> 1 | AG1730: =AF1730+1 -> 2 | AH1730: =AG1730+1 -> 3 | AI1730: =AH1730+1 -> 4 | AJ1730: =AI1730+1 -> 5 | AK1730: =AJ1730+1 -> 6 | AL1730: =AK1730+1 -> 7 | AM1730: =AL1730+1 -> 8 | AN1730: =AM1730+1 -> 9 | ... AQ1730: =AP1730+1 -> 12 | AR1730: =IF(AF1730<AC1730+1,AF1730,"") -> 1 | AS1730: =IF(AG1730<AC1730+1,AG1730,"") | AT1730: =IF(AH1730<AC1730+1,AH1730,"") | AU1730: =IF(AI1730<AC1730+1,AI1730,"") | AV1730: =IF(AJ1730<AC1730+1,AJ1730,"") | AW1730: =IF(AK1730<AC1730+1,AK1730,"") | AX1730: =IF(AL1730<AC1730+1,AL1730,"") | AY1730: =IF(AM1730<AC1730+1,AM1730,"") | AZ1730: =IF(AN1730<AC1730+1,AN1730,"") | BA1730: =IF(AO1730<AC1730+1,AO1730,"") | BB1730: =IF(AP1730<AC1730+1,AP1730,"") | BC1730: =IF(AQ1730<AC1730+1,AQ1730,"") | BD1730: =S1730&AR1730&AD1730 -> 11900 | BE1730: =S1730&AS1730&AD1730 -> 1900 | BF1730: =S1730&AT1730&AD1730 -> 1900 | BG1730: =S1730&AU1730&AD1730 -> 1900 | BH1730: =S1730&AV1730&AD1730 -> 1900 | BI1730: =S1730&AW1730&AD1730 -> 1900 | BJ1730: =S1730&AX1730&AD1730 -> 1900 | BK1730: =S1730&AY1730&AD1730 -> 1900 | BL1730: =S1730&AZ1730&AD1730 -> 1900 | BM1730: =S1730&BA1730&AD1730 -> 1900 | BN1730: =S1730&BB1730&AD1730 -> 1900 | BO1730: =S1730&BC1730&AD1730 -> 1900
AB1731: =MONTH(V1731) -> 1 | AC1731: =MONTH(W1731) -> 1 | AD1731: =YEAR(V1731) -> 1900 | AE1731: =YEAR(W1731) -> 1900 | AF1731: =AB1731 -> 1 | AG1731: =AF1731+1 -> 2 | AH1731: =AG1731+1 -> 3 | AI1731: =AH1731+1 -> 4 | AJ1731: =AI1731+1 -> 5 | AK1731: =AJ1731+1 -> 6 | AL1731: =AK1731+1 -> 7 | AM1731: =AL1731+1 -> 8 | AN1731: =AM1731+1 -> 9 | ... AQ1731: =AP1731+1 -> 12 | AR1731: =IF(AF1731<AC1731+1,AF1731,"") -> 1 | AS1731: =IF(AG1731<AC1731+1,AG1731,"") | AT1731: =IF(AH1731<AC1731+1,AH1731,"") | AU1731: =IF(AI1731<AC1731+1,AI1731,"") | AV1731: =IF(AJ1731<AC1731+1,AJ1731,"") | AW1731: =IF(AK1731<AC1731+1,AK1731,"") | AX1731: =IF(AL1731<AC1731+1,AL1731,"") | AY1731: =IF(AM1731<AC1731+1,AM1731,"") | AZ1731: =IF(AN1731<AC1731+1,AN1731,"") | BA1731: =IF(AO1731<AC1731+1,AO1731,"") | BB1731: =IF(AP1731<AC1731+1,AP1731,"") | BC1731: =IF(AQ1731<AC1731+1,AQ1731,"") | BD1731: =S1731&AR1731&AD1731 -> 11900 | BE1731: =S1731&AS1731&AD1731 -> 1900 | BF1731: =S1731&AT1731&AD1731 -> 1900 | BG1731: =S1731&AU1731&AD1731 -> 1900 | BH1731: =S1731&AV1731&AD1731 -> 1900 | BI1731: =S1731&AW1731&AD1731 -> 1900 | BJ1731: =S1731&AX1731&AD1731 -> 1900 | BK1731: =S1731&AY1731&AD1731 -> 1900 | BL1731: =S1731&AZ1731&AD1731 -> 1900 | BM1731: =S1731&BA1731&AD1731 -> 1900 | BN1731: =S1731&BB1731&AD1731 -> 1900 | BO1731: =S1731&BC1731&AD1731 -> 1900
AB1732: =MONTH(V1732) -> 1 | AC1732: =MONTH(W1732) -> 1 | AD1732: =YEAR(V1732) -> 1900 | AE1732: =YEAR(W1732) -> 1900 | AF1732: =AB1732 -> 1 | AG1732: =AF1732+1 -> 2 | AH1732: =AG1732+1 -> 3 | AI1732: =AH1732+1 -> 4 | AJ1732: =AI1732+1 -> 5 | AK1732: =AJ1732+1 -> 6 | AL1732: =AK1732+1 -> 7 | AM1732: =AL1732+1 -> 8 | AN1732: =AM1732+1 -> 9 | ... AQ1732: =AP1732+1 -> 12 | AR1732: =IF(AF1732<AC1732+1,AF1732,"") -> 1 | AS1732: =IF(AG1732<AC1732+1,AG1732,"") | AT1732: =IF(AH1732<AC1732+1,AH1732,"") | AU1732: =IF(AI1732<AC1732+1,AI1732,"") | AV1732: =IF(AJ1732<AC1732+1,AJ1732,"") | AW1732: =IF(AK1732<AC1732+1,AK1732,"") | AX1732: =IF(AL1732<AC1732+1,AL1732,"") | AY1732: =IF(AM1732<AC1732+1,AM1732,"") | AZ1732: =IF(AN1732<AC1732+1,AN1732,"") | BA1732: =IF(AO1732<AC1732+1,AO1732,"") | BB1732: =IF(AP1732<AC1732+1,AP1732,"") | BC1732: =IF(AQ1732<AC1732+1,AQ1732,"") | BD1732: =S1732&AR1732&AD1732 -> 11900 | BE1732: =S1732&AS1732&AD1732 -> 1900 | BF1732: =S1732&AT1732&AD1732 -> 1900 | BG1732: =S1732&AU1732&AD1732 -> 1900 | BH1732: =S1732&AV1732&AD1732 -> 1900 | BI1732: =S1732&AW1732&AD1732 -> 1900 | BJ1732: =S1732&AX1732&AD1732 -> 1900 | BK1732: =S1732&AY1732&AD1732 -> 1900 | BL1732: =S1732&AZ1732&AD1732 -> 1900 | BM1732: =S1732&BA1732&AD1732 -> 1900 | BN1732: =S1732&BB1732&AD1732 -> 1900 | BO1732: =S1732&BC1732&AD1732 -> 1900
... AB2174: =MONTH(V2174) -> 1 | AC2174: =MONTH(W2174) -> 1 | AD2174: =YEAR(V2174) -> 1900 | AE2174: =YEAR(W2174) -> 1900 | AF2174: =AB2174 -> 1 | AG2174: =AF2174+1 -> 2 | AH2174: =AG2174+1 -> 3 | AI2174: =AH2174+1 -> 4 | AJ2174: =AI2174+1 -> 5 | AK2174: =AJ2174+1 -> 6 | AL2174: =AK2174+1 -> 7 | AM2174: =AL2174+1 -> 8 | AN2174: =AM2174+1 -> 9 | ... AQ2174: =AP2174+1 -> 12 | AR2174: =IF(AF2174<AC2174+1,AF2174,"") -> 1 | AS2174: =IF(AG2174<AC2174+1,AG2174,"") | AT2174: =IF(AH2174<AC2174+1,AH2174,"") | AU2174: =IF(AI2174<AC2174+1,AI2174,"") | AV2174: =IF(AJ2174<AC2174+1,AJ2174,"") | AW2174: =IF(AK2174<AC2174+1,AK2174,"") | AX2174: =IF(AL2174<AC2174+1,AL2174,"") | AY2174: =IF(AM2174<AC2174+1,AM2174,"") | AZ2174: =IF(AN2174<AC2174+1,AN2174,"") | BA2174: =IF(AO2174<AC2174+1,AO2174,"") | BB2174: =IF(AP2174<AC2174+1,AP2174,"") | BC2174: =IF(AQ2174<AC2174+1,AQ2174,"") | BD2174: =S2174&AR2174&AD2174 -> 11900 | BE2174: =S2174&AS2174&AD2174 -> 1900 | BF2174: =S2174&AT2174&AD2174 -> 1900 | BG2174: =S2174&AU2174&AD2174 -> 1900 | BH2174: =S2174&AV2174&AD2174 -> 1900 | BI2174: =S2174&AW2174&AD2174 -> 1900 | BJ2174: =S2174&AX2174&AD2174 -> 1900 | BK2174: =S2174&AY2174&AD2174 -> 1900 | BL2174: =S2174&AZ2174&AD2174 -> 1900 | BM2174: =S2174&BA2174&AD2174 -> 1900 | BN2174: =S2174&BB2174&AD2174 -> 1900 | BO2174: =S2174&BC2174&AD2174 -> 1900

Sheet SERTIFIKAT
A1: No. | B1: Nomor Sertifikat | C1: SISWA/ MAHASISWA | D1: Tanggal Serti | E1: Tgl Awal | F1: Tgl Akhir | G1: Nama | H1: NIS/NISN | I1: Asal | J1: Jurusan/Prodi | K1: KEDISIPLINAN | L1: KERAPIAN | M1: KEBERSIHAN | N1: TANGGUNG JAWAB | O1: KERJASAMA | P1: KREATIVITAS | Q1: KEJUJURAN | R1: JUMLAH | S1: RATA-RATA | T1: RERATA BULAT | U1: KEDISIPLINAN | V1: KERAPIAN | W1: KEBERSIHAN | X1: TANGGUNG JAWAB | Y1: KERJASAMA | Z1: KREATIVITAS | AA1: KEJUJURAN | AB1: JUMLAH | AC1: RATA-RATA
A2: 1 | B2: 5152 | C2: SISWA | D2: 18 April 2023 | E2: 10 Januari 2023 | F2: 10 April 2023 | G2: BIMA IRAWAN | H2: 12499 | I2: SMK BINA JAYA PALEMBANG | J2: OTKP (Otomatisasi Tata Kelola Perkantoran) | K2: 88 | L2: 86 | M2: 86 | N2: 86 | O2: 87 | P2: 87 | Q2: 86 | R2: =SUM(K2:Q2) -> 606 | S2: =AVERAGE(K2:Q2) -> 86.571429 | T2: =ROUND(S2,0) -> 87 | U2: =PROPER([1]!terbilang(K2)) -> Delapan Puluh Delapan | V2: =PROPER([1]!terbilang(L2)) -> Delapan Puluh Enam | W2: =PROPER([1]!terbilang(M2)) -> Delapan Puluh Enam | X2: =PROPER([1]!terbilang(N2)) -> Delapan Puluh Enam | Y2: =PROPER([1]!terbilang(O2)) -> Delapan Puluh Tujuh | Z2: =PROPER([1]!terbilang(P2)) -> Delapan Puluh Tujuh | AA2: =PROPER([1]!terbilang(Q2)) -> Delapan Puluh Enam | AB2: =PROPER([1]!terbilang(R2)) -> Enam Ratus Enam | AC2: =PROPER([1]!terbilang(T2)) -> Delapan Puluh Tujuh
A3: 2 | B3: 5152 | C3: SISWA | D3: 18 April 2023 | E3: 10 Januari 2023 | F3: 10 April 2023 | G3: ANNISA | H3: 12494 | I3: SMK BINA JAYA PALEMBANG | J3: OTKP (Otomatisasi Tata Kelola Perkantoran) | K3: 88 | L3: 86 | M3: 86 | N3: 86 | O3: 87 | P3: 87 | Q3: 86 | R3: =SUM(K3:Q3) -> 606 | S3: =AVERAGE(K3:Q3) -> 86.571429 | T3: =ROUND(S3,0) -> 87 | U3: =PROPER([1]!terbilang(K3)) -> Delapan Puluh Delapan | V3: =PROPER([1]!terbilang(L3)) -> Delapan Puluh Enam | W3: =PROPER([1]!terbilang(M3)) -> Delapan Puluh Enam | X3: =PROPER([1]!terbilang(N3)) -> Delapan Puluh Enam | Y3: =PROPER([1]!terbilang(O3)) -> Delapan Puluh Tujuh | Z3: =PROPER([1]!terbilang(P3)) -> Delapan Puluh Tujuh | AA3: =PROPER([1]!terbilang(Q3)) -> Delapan Puluh Enam | AB3: =PROPER([1]!terbilang(R3)) -> Enam Ratus Enam | AC3: =PROPER([1]!terbilang(T3)) -> Delapan Puluh Tujuh
A4: 3 | B4: 5152 | C4: SISWA | D4: 18 April 2023 | E4: 10 Januari 2023 | F4: 10 April 2023 | G4: SEPTI RISQI | H4: 12533 | I4: SMK BINA JAYA PALEMBANG | J4: OTKP (Otomatisasi Tata Kelola Perkantoran) | K4: 88 | L4: 86 | M4: 86 | N4: 87 | O4: 88 | P4: 88 | Q4: 87 | R4: =SUM(K4:Q4) -> 610 | S4: =AVERAGE(K4:Q4) -> 87.142857 | T4: =ROUND(S4,0) -> 87 | U4: =PROPER([1]!terbilang(K4)) -> Delapan Puluh Delapan | V4: =PROPER([1]!terbilang(L4)) -> Delapan Puluh Enam | W4: =PROPER([1]!terbilang(M4)) -> Delapan Puluh Enam | X4: =PROPER([1]!terbilang(N4)) -> Delapan Puluh Tujuh | Y4: =PROPER([1]!terbilang(O4)) -> Delapan Puluh Delapan | Z4: =PROPER([1]!terbilang(P4)) -> Delapan Puluh Delapan | AA4: =PROPER([1]!terbilang(Q4)) -> Delapan Puluh Tujuh | AB4: =PROPER([1]!terbilang(R4)) -> Enam Ratus Sepuluh | AC4: =PROPER([1]!terbilang(T4)) -> Delapan Puluh Tujuh
A5: 4 | B5: 5152 | C5: SISWA | D5: 18 April 2023 | E5: 10 Januari 2023 | F5: 10 April 2023 | G5: ENJELINA AGUSTI | H5: 12504 | I5: SMK BINA JAYA PALEMBANG | J5: OTKP (Otomatisasi Tata Kelola Perkantoran) | K5: 90 | L5: 90 | M5: 90 | N5: 90 | O5: 90 | P5: 90 | Q5: 90 | R5: =SUM(K5:Q5) -> 630 | S5: =AVERAGE(K5:Q5) -> 90 | T5: =ROUND(S5,0) -> 90 | U5: =PROPER([1]!terbilang(K5)) -> Sembilan Puluh | V5: =PROPER([1]!terbilang(L5)) -> Sembilan Puluh | W5: =PROPER([1]!terbilang(M5)) -> Sembilan Puluh | X5: =PROPER([1]!terbilang(N5)) -> Sembilan Puluh | Y5: =PROPER([1]!terbilang(O5)) -> Sembilan Puluh | Z5: =PROPER([1]!terbilang(P5)) -> Sembilan Puluh | AA5: =PROPER([1]!terbilang(Q5)) -> Sembilan Puluh | AB5: =PROPER([1]!terbilang(R5)) -> Enam Ratus Tiga Puluh | AC5: =PROPER([1]!terbilang(T5)) -> Sembilan Puluh
A6: 5 | B6: 5152 | C6: SISWA | D6: 18 April 2023 | E6: 10 Januari 2023 | F6: 10 April 2023 | G6: INDRI SAPUTRI | H6: 12462 | I6: SMK BINA JAYA PALEMBANG | J6: OTKP (Otomatisasi Tata Kelola Perkantoran) | K6: 90 | L6: 90 | M6: 90 | N6: 90 | O6: 90 | P6: 90 | Q6: 90 | R6: =SUM(K6:Q6) -> 630 | S6: =AVERAGE(K6:Q6) -> 90 | T6: =ROUND(S6,0) -> 90 | U6: =PROPER([1]!terbilang(K6)) -> Sembilan Puluh | V6: =PROPER([1]!terbilang(L6)) -> Sembilan Puluh | W6: =PROPER([1]!terbilang(M6)) -> Sembilan Puluh | X6: =PROPER([1]!terbilang(N6)) -> Sembilan Puluh | Y6: =PROPER([1]!terbilang(O6)) -> Sembilan Puluh | Z6: =PROPER([1]!terbilang(P6)) -> Sembilan Puluh | AA6: =PROPER([1]!terbilang(Q6)) -> Sembilan Puluh | AB6: =PROPER([1]!terbilang(R6)) -> Enam Ratus Tiga Puluh | AC6: =PROPER([1]!terbilang(T6)) -> Sembilan Puluh
A7: 6 | B7: 5152 | C7: SISWA | D7: 18 April 2023 | E7: 10 Januari 2023 | F7: 10 April 2023 | G7: NOPI | H7: 12520 | I7: SMK BINA JAYA PALEMBANG | J7: OTKP (Otomatisasi Tata Kelola Perkantoran) | K7: 90 | L7: 90 | M7: 90 | N7: 90 | O7: 90 | P7: 90 | Q7: 90 | R7: =SUM(K7:Q7) -> 630 | S7: =AVERAGE(K7:Q7) -> 90 | T7: =ROUND(S7,0) -> 90 | U7: =PROPER([1]!terbilang(K7)) -> Sembilan Puluh | V7: =PROPER([1]!terbilang(L7)) -> Sembilan Puluh | W7: =PROPER([1]!terbilang(M7)) -> Sembilan Puluh | X7: =PROPER([1]!terbilang(N7)) -> Sembilan Puluh | Y7: =PROPER([1]!terbilang(O7)) -> Sembilan Puluh | Z7: =PROPER([1]!terbilang(P7)) -> Sembilan Puluh | AA7: =PROPER([1]!terbilang(Q7)) -> Sembilan Puluh | AB7: =PROPER([1]!terbilang(R7)) -> Enam Ratus Tiga Puluh | AC7: =PROPER([1]!terbilang(T7)) -> Sembilan Puluh
A8: 7 | B8: 7185 | C8: SISWA | D8: 19 Juni 2023 | E8: 16 Januari 2023 | F8: 16 Juni 2023 | G8: EXCEL RAMADHAN | H8: 2408 | I8: SMK NEGERI 8 PALEMBANG | J8: Teknik Komputer Jaringan (TKJ) | K8: 98 | L8: 100 | M8: 100 | N8: 98 | O8: 100 | P8: 95 | Q8: 100 | R8: =SUM(K8:Q8) -> 691 | S8: =AVERAGE(K8:Q8) -> 98.714286 | T8: =ROUND(S8,0) -> 99 | U8: =PROPER([1]!terbilang(K8)) -> Sembilan Puluh Delapan | V8: =PROPER([1]!terbilang(L8)) -> Seratus | W8: =PROPER([1]!terbilang(M8)) -> Seratus | X8: =PROPER([1]!terbilang(N8)) -> Sembilan Puluh Delapan | Y8: =PROPER([1]!terbilang(O8)) -> Seratus | Z8: =PROPER([1]!terbilang(P8)) -> Sembilan Puluh Lima | AA8: =PROPER([1]!terbilang(Q8)) -> Seratus | AB8: =PROPER([1]!terbilang(R8)) -> Enam Ratus Sembilan Puluh Satu | AC8: =PROPER([1]!terbilang(T8)) -> Sembilan Puluh Sembilan
A9: 8 | B9: 7188 | C9: SISWA | D9: 19 Juni 2023 | E9: 16 Januari 2023 | F9: 16 Juni 2023 | G9: ANGGUN GUSTIANI | H9: 2377 | I9: SMK NEGERI 8 PALEMBANG | J9: Teknik Komputer Jaringan (TKJ) | K9: 92 | L9: 90 | M9: 89 | N9: 91 | O9: 93 | P9: 88 | Q9: 90 | R9: =SUM(K9:Q9) -> 633 | S9: =AVERAGE(K9:Q9) -> 90.428571 | T9: =ROUND(S9,0) -> 90 | U9: =PROPER([1]!terbilang(K9)) -> Sembilan Puluh Dua | V9: =PROPER([1]!terbilang(L9)) -> Sembilan Puluh | W9: =PROPER([1]!terbilang(M9)) -> Delapan Puluh Sembilan | X9: =PROPER([1]!terbilang(N9)) -> Sembilan Puluh Satu | Y9: =PROPER([1]!terbilang(O9)) -> Sembilan Puluh Tiga | Z9: =PROPER([1]!terbilang(P9)) -> Delapan Puluh Delapan | AA9: =PROPER([1]!terbilang(Q9)) -> Sembilan Puluh | AB9: =PROPER([1]!terbilang(R9)) -> Enam Ratus Tiga Puluh Tiga | AC9: =PROPER([1]!terbilang(T9)) -> Sembilan Puluh
A10: 9 | B10: 7189 | C10: SISWA | D10: 19 Juni 2023 | E10: 16 Januari 2023 | F10: 16 Juni 2023 | G10: ANGGI MARDANI | H10: 2376 | I10: SMK NEGERI 8 PALEMBANG | J10: Teknik Komputer Jaringan (TKJ) | K10: 91 | L10: 90 | M10: 89 | N10: 91 | O10: 93 | P10: 88 | Q10: 91 | R10: =SUM(K10:Q10) -> 633 | S10: =AVERAGE(K10:Q10) -> 90.428571 | T10: =ROUND(S10,0) -> 90 | U10: =PROPER([1]!terbilang(K10)) -> Sembilan Puluh Satu | V10: =PROPER([1]!terbilang(L10)) -> Sembilan Puluh | W10: =PROPER([1]!terbilang(M10)) -> Delapan Puluh Sembilan | X10: =PROPER([1]!terbilang(N10)) -> Sembilan Puluh Satu | Y10: =PROPER([1]!terbilang(O10)) -> Sembilan Puluh Tiga | Z10: =PROPER([1]!terbilang(P10)) -> Delapan Puluh Delapan | AA10: =PROPER([1]!terbilang(Q10)) -> Sembilan Puluh Satu | AB10: =PROPER([1]!terbilang(R10)) -> Enam Ratus Tiga Puluh Tiga | AC10: =PROPER([1]!terbilang(T10)) -> Sembilan Puluh
A11: 10 | B11: 7190 | C11: SISWA | D11: 19 Juni 2023 | E11: 16 Januari 2023 | F11: 16 Juni 2023 | G11: HERAU WATI | H11: 7190 | I11: SMK NEGERI 8 PALEMBANG | J11: Teknik Komputer Jaringan (TKJ) | K11: 90 | L11: 98 | M11: 96 | N11: 89 | O11: 85 | P11: 85 | Q11: 89 | R11: =SUM(K11:Q11) -> 632 | S11: =AVERAGE(K11:Q11) -> 90.285714 | T11: =ROUND(S11,0) -> 90 | U11: =PROPER([1]!terbilang(K11)) -> Sembilan Puluh | V11: =PROPER([1]!terbilang(L11)) -> Sembilan Puluh Delapan | W11: =PROPER([1]!terbilang(M11)) -> Sembilan Puluh Enam | X11: =PROPER([1]!terbilang(N11)) -> Delapan Puluh Sembilan | Y11: =PROPER([1]!terbilang(O11)) -> Delapan Puluh Lima | Z11: =PROPER([1]!terbilang(P11)) -> Delapan Puluh Lima | AA11: =PROPER([1]!terbilang(Q11)) -> Delapan Puluh Sembilan | AB11: =PROPER([1]!terbilang(R11)) -> Enam Ratus Tiga Puluh Dua | AC11: =PROPER([1]!terbilang(T11)) -> Sembilan Puluh
A12: 11 | B12: 7191 | C12: SISWA | D12: 19 Juni 2023 | E12: 16 Januari 2023 | F12: 16 Juni 2023 | G12: PRINCE NAZAL PRATAMA | H12: 7191 | I12: SMK NEGERI 8 PALEMBANG | J12: Teknik Komputer Jaringan (TKJ) | K12: 87 | L12: 88 | M12: 76 | N12: 85 | O12: 87 | P12: 88 | Q12: 89 | R12: =SUM(K12:Q12) -> 600 | S12: =AVERAGE(K12:Q12) -> 85.714286 | T12: =ROUND(S12,0) -> 86 | U12: =PROPER([1]!terbilang(K12)) -> Delapan Puluh Tujuh | V12: =PROPER([1]!terbilang(L12)) -> Delapan Puluh Delapan | W12: =PROPER([1]!terbilang(M12)) -> Tujuh Puluh Enam | X12: =PROPER([1]!terbilang(N12)) -> Delapan Puluh Lima | Y12: =PROPER([1]!terbilang(O12)) -> Delapan Puluh Tujuh | Z12: =PROPER([1]!terbilang(P12)) -> Delapan Puluh Delapan | AA12: =PROPER([1]!terbilang(Q12)) -> Delapan Puluh Sembilan | AB12: =PROPER([1]!terbilang(R12)) -> Enam Ratus | AC12: =PROPER([1]!terbilang(T12)) -> Delapan Puluh Enam
A13: 12 | B13: 7348 | C13: SISWA | D13: 22 Juni 2023 | E13: 16 Januari 2023 | F13: 16 Juni 2023 | G13: MARCHELLINDA UTAMI | H13: 2361 | I13: SMK NEGERI 8 PALEMBANG | J13: Teknik Komputer Jaringan (TKJ) | K13: 98 | L13: 97 | M13: 98 | N13: 92 | O13: 95 | P13: 95 | Q13: 92 | R13: =SUM(K13:Q13) -> 667 | S13: =AVERAGE(K13:Q13) -> 95.285714 | T13: =ROUND(S13,0) -> 95 | U13: =PROPER([1]!terbilang(K13)) -> Sembilan Puluh Delapan | V13: =PROPER([1]!terbilang(L13)) -> Sembilan Puluh Tujuh | W13: =PROPER([1]!terbilang(M13)) -> Sembilan Puluh Delapan | X13: =PROPER([1]!terbilang(N13)) -> Sembilan Puluh Dua | Y13: =PROPER([1]!terbilang(O13)) -> Sembilan Puluh Lima | Z13: =PROPER([1]!terbilang(P13)) -> Sembilan Puluh Lima | AA13: =PROPER([1]!terbilang(Q13)) -> Sembilan Puluh Dua | AB13: =PROPER([1]!terbilang(R13)) -> Enam Ratus Enam Puluh Tujuh | AC13: =PROPER([1]!terbilang(T13)) -> Sembilan Puluh Lima
A14: 13 | B14: 7485 | C14: SISWA | D14: 27 Juni 2023 | E14: 04 Januari 2023 | F14: 30 Juni 2023 | G14: NATASYA SYAWALNA | H14: 216098 | I14: SMK NEGERI 4 PALEMBANG | J14: Teknik Komputer dan Jaringan (TKJ) | K14: 95 | L14: 93 | M14: 95 | N14: 94 | O14: 95 | P14: 95 | Q14: 95 | R14: =SUM(K14:Q14) -> 662 | S14: =AVERAGE(K14:Q14) -> 94.571429 | T14: =ROUND(S14,0) -> 95 | U14: =PROPER([1]!terbilang(K14)) -> Sembilan Puluh Lima | V14: =PROPER([1]!terbilang(L14)) -> Sembilan Puluh Tiga | W14: =PROPER([1]!terbilang(M14)) -> Sembilan Puluh Lima | X14: =PROPER([1]!terbilang(N14)) -> Sembilan Puluh Empat | Y14: =PROPER([1]!terbilang(O14)) -> Sembilan Puluh Lima | Z14: =PROPER([1]!terbilang(P14)) -> Sembilan Puluh Lima | AA14: =PROPER([1]!terbilang(Q14)) -> Sembilan Puluh Lima | AB14: =PROPER([1]!terbilang(R14)) -> Enam Ratus Enam Puluh Dua | AC14: =PROPER([1]!terbilang(T14)) -> Sembilan Puluh Lima
A15: 14 | B15: 7486 | C15: SISWA | D15: 27 Juni 2023 | E15: 04 Januari 2023 | F15: 30 Juni 2023 | G15: WULAN RAMADHANI | H15: 216108 | I15: SMK NEGERI 4 PALEMBANG | J15: Teknik Komputer dan Jaringan (TKJ) | K15: 92 | L15: 93 | M15: 92 | N15: 93 | O15: 95 | P15: 92 | Q15: 93 | R15: =SUM(K15:Q15) -> 650 | S15: =AVERAGE(K15:Q15) -> 92.857143 | T15: =ROUND(S15,0) -> 93 | U15: =PROPER([1]!terbilang(K15)) -> Sembilan Puluh Dua | V15: =PROPER([1]!terbilang(L15)) -> Sembilan Puluh Tiga | W15: =PROPER([1]!terbilang(M15)) -> Sembilan Puluh Dua | X15: =PROPER([1]!terbilang(N15)) -> Sembilan Puluh Tiga | Y15: =PROPER([1]!terbilang(O15)) -> Sembilan Puluh Lima | Z15: =PROPER([1]!terbilang(P15)) -> Sembilan Puluh Dua | AA15: =PROPER([1]!terbilang(Q15)) -> Sembilan Puluh Tiga | AB15: =PROPER([1]!terbilang(R15)) -> Enam Ratus Lima Puluh | AC15: =PROPER([1]!terbilang(T15)) -> Sembilan Puluh Tiga
A16: 15 | B16: 7487 | C16: SISWA | D16: 27 Juni 2023 | E16: 04 Januari 2023 | F16: 30 Juni 2023 | G16: MERCI APRILIA | H16: 216094 | I16: SMK NEGERI 4 PALEMBANG | J16: Teknik Komputer dan Jaringan (TKJ) | K16: 95 | L16: 97 | M16: 97 | N16: 90 | O16: 91 | P16: 95 | Q16: 98 | R16: =SUM(K16:Q16) -> 663 | S16: =AVERAGE(K16:Q16) -> 94.714286 | T16: =ROUND(S16,0) -> 95 | U16: =PROPER([1]!terbilang(K16)) -> Sembilan Puluh Lima | V16: =PROPER([1]!terbilang(L16)) -> Sembilan Puluh Tujuh | W16: =PROPER([1]!terbilang(M16)) -> Sembilan Puluh Tujuh | X16: =PROPER([1]!terbilang(N16)) -> Sembilan Puluh | Y16: =PROPER([1]!terbilang(O16)) -> Sembilan Puluh Satu | Z16: =PROPER([1]!terbilang(P16)) -> Sembilan Puluh Lima | AA16: =PROPER([1]!terbilang(Q16)) -> Sembilan Puluh Delapan | AB16: =PROPER([1]!terbilang(R16)) -> Enam Ratus Enam Puluh Tiga | AC16: =PROPER([1]!terbilang(T16)) -> Sembilan Puluh Lima
A17: 16 | B17: 7521 | C17: SISWA | D17: 27 Juni 2023 | E17: 04 Januari 2023 | F17: 30 Juni 2023 | G17: RANA CANTIKA TAMRIN | H17: 21601 | I17: SMK NEGERI 4 PALEMBANG | J17: Teknik Komputer dan Jaringan (TKJ) | K17: 95 | L17: 93 | M17: 91 | N17: 92 | O17: 95 | P17: 92 | Q17: 92 | R17: =SUM(K17:Q17) -> 650 | S17: =AVERAGE(K17:Q17) -> 92.857143 | T17: =ROUND(S17,0) -> 93 | U17: =PROPER([1]!terbilang(K17)) -> Sembilan Puluh Lima | V17: =PROPER([1]!terbilang(L17)) -> Sembilan Puluh Tiga | W17: =PROPER([1]!terbilang(M17)) -> Sembilan Puluh Satu | X17: =PROPER([1]!terbilang(N17)) -> Sembilan Puluh Dua | Y17: =PROPER([1]!terbilang(O17)) -> Sembilan Puluh Lima | Z17: =PROPER([1]!terbilang(P17)) -> Sembilan Puluh Dua | AA17: =PROPER([1]!terbilang(Q17)) -> Sembilan Puluh Dua | AB17: =PROPER([1]!terbilang(R17)) -> Enam Ratus Lima Puluh | AC17: =PROPER([1]!terbilang(T17)) -> Sembilan Puluh Tiga
A18: 17 | B18: 8962 | C18: MAHASISWA | D18: 10 Agustus 2023 | E18: 13 Maret 2023 | F18: 13 Juni 2023 | G18: INTAN BAIDURI | H18: 201410024 | I18: UNIVERSITAS BINA DARMA PALEMBANG | J18: Sistem Informasi | K18: 87 | L18: 87 | M18: 88 | N18: 87 | O18: 87 | P18: 88 | Q18: 90 | R18: =SUM(K18:Q18) -> 614 | S18: =AVERAGE(K18:Q18) -> 87.714286 | T18: =ROUND(S18,0) -> 88 | U18: =PROPER([1]!terbilang(K18)) -> Delapan Puluh Tujuh | V18: =PROPER([1]!terbilang(L18)) -> Delapan Puluh Tujuh | W18: =PROPER([1]!terbilang(M18)) -> Delapan Puluh Delapan | X18: =PROPER([1]!terbilang(N18)) -> Delapan Puluh Tujuh | Y18: =PROPER([1]!terbilang(O18)) -> Delapan Puluh Tujuh | Z18: =PROPER([1]!terbilang(P18)) -> Delapan Puluh Delapan | AA18: =PROPER([1]!terbilang(Q18)) -> Sembilan Puluh | AB18: =PROPER([1]!terbilang(R18)) -> Enam Ratus Empat Belas | AC18: =PROPER([1]!terbilang(T18)) -> Delapan Puluh Delapan
A19: 18 | B19: 8961 | C19: MAHASISWA | D19: 10 Agustus 2023 | E19: 13 Maret 2023 | F19: 13 Juni 2023 | G19: MUHAMMAD RIZKI SAPUTRA | H19: 201410040 | I19: UNIVERSITAS BINA DARMA PALEMBANG | J19: Sistem Informasi | K19: 86 | L19: 90 | M19: 90 | N19: 90 | O19: 85 | P19: 83 | Q19: 90 | R19: =SUM(K19:Q19) -> 614 | S19: =AVERAGE(K19:Q19) -> 87.714286 | T19: =ROUND(S19,0) -> 88 | U19: =PROPER([1]!terbilang(K19)) -> Delapan Puluh Enam | V19: =PROPER([1]!terbilang(L19)) -> Sembilan Puluh | W19: =PROPER([1]!terbilang(M19)) -> Sembilan Puluh | X19: =PROPER([1]!terbilang(N19)) -> Sembilan Puluh | Y19: =PROPER([1]!terbilang(O19)) -> Delapan Puluh Lima | Z19: =PROPER([1]!terbilang(P19)) -> Delapan Puluh Tiga | AA19: =PROPER([1]!terbilang(Q19)) -> Sembilan Puluh | AB19: =PROPER([1]!terbilang(R19)) -> Enam Ratus Empat Belas | AC19: =PROPER([1]!terbilang(T19)) -> Delapan Puluh Delapan
A20: 19 | B20: 13324 | C20: SISWA | D20: 05 September 2023 | E20: 01 Maret 2023 | F20: 01 September 2023 | G20: HAJITA | I20: SMK MADYATAMA | J20: Teknik Komputer dan Jaringan (TKJ) | K20: 90 | L20: 86 | M20: 86 | N20: 88 | O20: 87 | P20: 86 | Q20: 90 | R20: =SUM(K20:Q20) -> 613 | S20: =AVERAGE(K20:Q20) -> 87.571429 | T20: =ROUND(S20,0) -> 88 | U20: =PROPER([1]!terbilang(K20)) -> Sembilan Puluh | V20: =PROPER([1]!terbilang(L20)) -> Delapan Puluh Enam | W20: =PROPER([1]!terbilang(M20)) -> Delapan Puluh Enam | X20: =PROPER([1]!terbilang(N20)) -> Delapan Puluh Delapan | Y20: =PROPER([1]!terbilang(O20)) -> Delapan Puluh Tujuh | Z20: =PROPER([1]!terbilang(P20)) -> Delapan Puluh Enam | AA20: =PROPER([1]!terbilang(Q20)) -> Sembilan Puluh | AB20: =PROPER([1]!terbilang(R20)) -> Enam Ratus Tiga Belas | AC20: =PROPER([1]!terbilang(T20)) -> Delapan Puluh Delapan
A21: 20 | B21: 13325 | C21: SISWA | D21: 05 September 2023 | E21: 01 Maret 2023 | F21: 01 September 2023 | G21: DEVI DONA TRIANI | I21: SMK MADYATAMA | J21: Teknik Komputer dan Jaringan (TKJ) | K21: 90 | L21: 87 | M21: 88 | N21: 86 | O21: 87 | P21: 86 | Q21: 90 | R21: =SUM(K21:Q21) -> 614 | S21: =AVERAGE(K21:Q21) -> 87.714286 | T21: =ROUND(S21,0) -> 88 | U21: =PROPER([1]!terbilang(K21)) -> Sembilan Puluh | V21: =PROPER([1]!terbilang(L21)) -> Delapan Puluh Tujuh | W21: =PROPER([1]!terbilang(M21)) -> Delapan Puluh Delapan | X21: =PROPER([1]!terbilang(N21)) -> Delapan Puluh Enam | Y21: =PROPER([1]!terbilang(O21)) -> Delapan Puluh Tujuh | Z21: =PROPER([1]!terbilang(P21)) -> Delapan Puluh Enam | AA21: =PROPER([1]!terbilang(Q21)) -> Sembilan Puluh | AB21: =PROPER([1]!terbilang(R21)) -> Enam Ratus Empat Belas | AC21: =PROPER([1]!terbilang(T21)) -> Delapan Puluh Delapan
A22: 21 | B22: 13326 | C22: SISWA | D22: 05 September 2023 | E22: 01 Maret 2023 | F22: 01 September 2023 | G22: M. ADITIA SAPUTRA | H22: 0068438881 | I22: SMK MADYATAMA | J22: Teknik Komputer dan Jaringan (TKJ) | K22: 94 | L22: 90 | M22: 95 | N22: 94 | O22: 95 | P22: 90 | Q22: 96 | R22: =SUM(K22:Q22) -> 654 | S22: =AVERAGE(K22:Q22) -> 93.428571 | T22: =ROUND(S22,0) -> 93 | U22: =PROPER([1]!terbilang(K22)) -> Sembilan Puluh Empat | V22: =PROPER([1]!terbilang(L22)) -> Sembilan Puluh | W22: =PROPER([1]!terbilang(M22)) -> Sembilan Puluh Lima | X22: =PROPER([1]!terbilang(N22)) -> Sembilan Puluh Empat | Y22: =PROPER([1]!terbilang(O22)) -> Sembilan Puluh Lima | Z22: =PROPER([1]!terbilang(P22)) -> Sembilan Puluh | AA22: =PROPER([1]!terbilang(Q22)) -> Sembilan Puluh Enam | AB22: =PROPER([1]!terbilang(R22)) -> Enam Ratus Lima Puluh Empat | AC22: =PROPER([1]!terbilang(T22)) -> Sembilan Puluh Tiga
A23: 22 | B23: 13327 | C23: SISWA | D23: 05 September 2023 | E23: 01 Maret 2023 | F23: 01 September 2023 | G23: DIMAS ARANGGA | H23: 0069073541 | I23: SMK MADYATAMA | J23: Teknik Komputer dan Jaringan (TKJ) | K23: 95 | L23: 90 | M23: 94 | N23: 94 | O23: 95 | P23: 90 | Q23: 96 | R23: =SUM(K23:Q23) -> 654 | S23: =AVERAGE(K23:Q23) -> 93.428571 | T23: =ROUND(S23,0) -> 93 | U23: =PROPER([1]!terbilang(K23)) -> Sembilan Puluh Lima | V23: =PROPER([1]!terbilang(L23)) -> Sembilan Puluh | W23: =PROPER([1]!terbilang(M23)) -> Sembilan Puluh Empat | X23: =PROPER([1]!terbilang(N23)) -> Sembilan Puluh Empat | Y23: =PROPER([1]!terbilang(O23)) -> Sembilan Puluh Lima | Z23: =PROPER([1]!terbilang(P23)) -> Sembilan Puluh | AA23: =PROPER([1]!terbilang(Q23)) -> Sembilan Puluh Enam | AB23: =PROPER([1]!terbilang(R23)) -> Enam Ratus Lima Puluh Empat | AC23: =PROPER([1]!terbilang(T23)) -> Sembilan Puluh Tiga
A24: 23 | B24: 13328 | C24: SISWA | D24: 05 September 2023 | E24: 01 Maret 2023 | F24: 01 September 2023 | G24: AHMAD CHANDRA AIKAMIN | I24: SMK MADYATAMA | J24: Teknik Komputer dan Jaringan (TKJ) | K24: 98 | L24: 98 | M24: 98 | N24: 98 | O24: 98 | P24: 98 | Q24: 98 | R24: =SUM(K24:Q24) -> 686 | S24: =AVERAGE(K24:Q24) -> 98 | T24: =ROUND(S24,0) -> 98 | U24: =PROPER([1]!terbilang(K24)) -> Sembilan Puluh Delapan | V24: =PROPER([1]!terbilang(L24)) -> Sembilan Puluh Delapan | W24: =PROPER([1]!terbilang(M24)) -> Sembilan Puluh Delapan | X24: =PROPER([1]!terbilang(N24)) -> Sembilan Puluh Delapan | Y24: =PROPER([1]!terbilang(O24)) -> Sembilan Puluh Delapan | Z24: =PROPER([1]!terbilang(P24)) -> Sembilan Puluh Delapan | AA24: =PROPER([1]!terbilang(Q24)) -> Sembilan Puluh Delapan | AB24: =PROPER([1]!terbilang(R24)) -> Enam Ratus Delapan Puluh Enam | AC24: =PROPER([1]!terbilang(T24)) -> Sembilan Puluh Delapan
A25: 24 | B25: 14513 | C25: SISWA | D25: 06 Oktober 2023 | E25: 03 April 2023 | F25: 03 Oktober 2023 | G25: NESYA ADELIA | H25: 0081273551 | I25: SMK PEMBINA 1 PALEMBANG | J25: OTKP (Otomatisasi Tata Kelola Perkantoran) | K25: 98 | L25: 98 | M25: 98 | N25: 98 | O25: 98 | P25: 98 | Q25: 98 | R25: =SUM(K25:Q25) -> 686 | S25: =AVERAGE(K25:Q25) -> 98 | T25: =ROUND(S25,0) -> 98 | U25: =PROPER([1]!terbilang(K25)) -> Sembilan Puluh Delapan | V25: =PROPER([1]!terbilang(L25)) -> Sembilan Puluh Delapan | W25: =PROPER([1]!terbilang(M25)) -> Sembilan Puluh Delapan | X25: =PROPER([1]!terbilang(N25)) -> Sembilan Puluh Delapan | Y25: =PROPER([1]!terbilang(O25)) -> Sembilan Puluh Delapan | Z25: =PROPER([1]!terbilang(P25)) -> Sembilan Puluh Delapan | AA25: =PROPER([1]!terbilang(Q25)) -> Sembilan Puluh Delapan | AB25: =PROPER([1]!terbilang(R25)) -> Enam Ratus Delapan Puluh Enam | AC25: =PROPER([1]!terbilang(T25)) -> Sembilan Puluh Delapan
A26: 25 | B26: 14514 | C26: SISWA | D26: 06 Oktober 2023 | E26: 03 April 2023 | F26: 03 Oktober 2023 | G26: RAHMA INDAH SARI | H26: 0072442499 | I26: SMK PEMBINA 1 PALEMBANG | J26: OTKP (Otomatisasi Tata Kelola Perkantoran) | K26: 90 | L26: 95 | M26: 95 | N26: 95 | O26: 95 | P26: 95 | Q26: 95 | R26: =SUM(K26:Q26) -> 660 | S26: =AVERAGE(K26:Q26) -> 94.285714 | T26: =ROUND(S26,0) -> 94 | U26: =PROPER([1]!terbilang(K26)) -> Sembilan Puluh | V26: =PROPER([1]!terbilang(L26)) -> Sembilan Puluh Lima | W26: =PROPER([1]!terbilang(M26)) -> Sembilan Puluh Lima | X26: =PROPER([1]!terbilang(N26)) -> Sembilan Puluh Lima | Y26: =PROPER([1]!terbilang(O26)) -> Sembilan Puluh Lima | Z26: =PROPER([1]!terbilang(P26)) -> Sembilan Puluh Lima | AA26: =PROPER([1]!terbilang(Q26)) -> Sembilan Puluh Lima | AB26: =PROPER([1]!terbilang(R26)) -> Enam Ratus Enam Puluh | AC26: =PROPER([1]!terbilang(T26)) -> Sembilan Puluh Empat
A27: 26 | B27: 14515 | C27: SISWA | D27: 06 Oktober 2023 | E27: 03 April 2023 | F27: 03 Oktober 2023 | G27: NABILA TRI AZZAHRO | H27: 0069656248 | I27: SMK PEMBINA 1 PALEMBANG | J27: OTKP (Otomatisasi Tata Kelola Perkantoran) | K27: 97 | L27: 98 | M27: 96 | N27: 97 | O27: 96 | P27: 97 | Q27: 99 | R27: =SUM(K27:Q27) -> 680 | S27: =AVERAGE(K27:Q27) -> 97.142857 | T27: =ROUND(S27,0) -> 97 | U27: =PROPER([1]!terbilang(K27)) -> Sembilan Puluh Tujuh | V27: =PROPER([1]!terbilang(L27)) -> Sembilan Puluh Delapan | W27: =PROPER([1]!terbilang(M27)) -> Sembilan Puluh Enam | X27: =PROPER([1]!terbilang(N27)) -> Sembilan Puluh Tujuh | Y27: =PROPER([1]!terbilang(O27)) -> Sembilan Puluh Enam | Z27: =PROPER([1]!terbilang(P27)) -> Sembilan Puluh Tujuh | AA27: =PROPER([1]!terbilang(Q27)) -> Sembilan Puluh Sembilan | AB27: =PROPER([1]!terbilang(R27)) -> Enam Ratus Delapan Puluh | AC27: =PROPER([1]!terbilang(T27)) -> Sembilan Puluh Tujuh
A28: 27 | B28: 14516 | C28: SISWA | D28: 06 Oktober 2023 | E28: 03 April 2023 | F28: 03 Oktober 2023 | G28: PRITY ZINTA | H28: 0075579229 | I28: SMK PEMBINA 1 PALEMBANG | J28: OTKP (Otomatisasi Tata Kelola Perkantoran) | K28: 97 | L28: 98 | M28: 96 | N28: 97 | O28: 96 | P28: 97 | Q28: 99 | R28: =SUM(K28:Q28) -> 680 | S28: =AVERAGE(K28:Q28) -> 97.142857 | T28: =ROUND(S28,0) -> 97 | U28: =PROPER([1]!terbilang(K28)) -> Sembilan Puluh Tujuh | V28: =PROPER([1]!terbilang(L28)) -> Sembilan Puluh Delapan | W28: =PROPER([1]!terbilang(M28)) -> Sembilan Puluh Enam | X28: =PROPER([1]!terbilang(N28)) -> Sembilan Puluh Tujuh | Y28: =PROPER([1]!terbilang(O28)) -> Sembilan Puluh Enam | Z28: =PROPER([1]!terbilang(P28)) -> Sembilan Puluh Tujuh | AA28: =PROPER([1]!terbilang(Q28)) -> Sembilan Puluh Sembilan | AB28: =PROPER([1]!terbilang(R28)) -> Enam Ratus Delapan Puluh | AC28: =PROPER([1]!terbilang(T28)) -> Sembilan Puluh Tujuh
A29: 28 | B29: 14517 | C29: SISWA | D29: 06 Oktober 2023 | E29: 06 Maret 2023 | F29: 03 Oktober 2023 | G29: HENIY KARLINAH | H29: 3361 | I29: SMK BINA CIPTA PALEMBANG | J29: OTKP (Otomatisasi Tata Kelola Perkantoran) | K29: 97 | L29: 97 | M29: 97 | N29: 98 | O29: 97 | P29: 98 | Q29: 97 | R29: =SUM(K29:Q29) -> 681 | S29: =AVERAGE(K29:Q29) -> 97.285714 | T29: =ROUND(S29,0) -> 97 | U29: =PROPER([1]!terbilang(K29)) -> Sembilan Puluh Tujuh | V29: =PROPER([1]!terbilang(L29)) -> Sembilan Puluh Tujuh | W29: =PROPER([1]!terbilang(M29)) -> Sembilan Puluh Tujuh | X29: =PROPER([1]!terbilang(N29)) -> Sembilan Puluh Delapan | Y29: =PROPER([1]!terbilang(O29)) -> Sembilan Puluh Tujuh | Z29: =PROPER([1]!terbilang(P29)) -> Sembilan Puluh Delapan | AA29: =PROPER([1]!terbilang(Q29)) -> Sembilan Puluh Tujuh | AB29: =PROPER([1]!terbilang(R29)) -> Enam Ratus Delapan Puluh Satu | AC29: =PROPER([1]!terbilang(T29)) -> Sembilan Puluh Tujuh
A30: 29 | B30: 14518 | C30: SISWA | D30: 06 Oktober 2023 | E30: 06 Maret 2023 | F30: 03 Oktober 2023 | G30: AHMAD FADILAH | H30: 3406 | I30: SMK BINA CIPTA PALEMBANG | J30: OTKP (Otomatisasi Tata Kelola Perkantoran) | K30: 98 | L30: 90 | M30: 88 | N30: 98 | O30: 98 | P30: 95 | Q30: 98 | R30: =SUM(K30:Q30) -> 665 | S30: =AVERAGE(K30:Q30) -> 95 | T30: =ROUND(S30,0) -> 95 | U30: =PROPER([1]!terbilang(K30)) -> Sembilan Puluh Delapan | V30: =PROPER([1]!terbilang(L30)) -> Sembilan Puluh | W30: =PROPER([1]!terbilang(M30)) -> Delapan Puluh Delapan | X30: =PROPER([1]!terbilang(N30)) -> Sembilan Puluh Delapan | Y30: =PROPER([1]!terbilang(O30)) -> Sembilan Puluh Delapan | Z30: =PROPER([1]!terbilang(P30)) -> Sembilan Puluh Lima | AA30: =PROPER([1]!terbilang(Q30)) -> Sembilan Puluh Delapan | AB30: =PROPER([1]!terbilang(R30)) -> Enam Ratus Enam Puluh Lima | AC30: =PROPER([1]!terbilang(T30)) -> Sembilan Puluh Lima
A31: 30 | B31: 14519 | C31: SISWA | D31: 06 Oktober 2023 | E31: 06 Maret 2023 | F31: 03 Oktober 2023 | G31: AHMAD FAHREZY | H31: 3505 | I31: SMK BINA CIPTA PALEMBANG | J31: OTKP (Otomatisasi Tata Kelola Perkantoran) | K31: 80 | L31: 87 | M31: 85 | N31: 88 | O31: 88 | P31: 85 | Q31: 88 | R31: =SUM(K31:Q31) -> 601 | S31: =AVERAGE(K31:Q31) -> 85.857143 | T31: =ROUND(S31,0) -> 86 | U31: =PROPER([1]!terbilang(K31)) -> Delapan Puluh | V31: =PROPER([1]!terbilang(L31)) -> Delapan Puluh Tujuh | W31: =PROPER([1]!terbilang(M31)) -> Delapan Puluh Lima | X31: =PROPER([1]!terbilang(N31)) -> Delapan Puluh Delapan | Y31: =PROPER([1]!terbilang(O31)) -> Delapan Puluh Delapan | Z31: =PROPER([1]!terbilang(P31)) -> Delapan Puluh Lima | AA31: =PROPER([1]!terbilang(Q31)) -> Delapan Puluh Delapan | AB31: =PROPER([1]!terbilang(R31)) -> Enam Ratus Satu | AC31: =PROPER([1]!terbilang(T31)) -> Delapan Puluh Enam
A32: 31 | B32: 14520 | C32: SISWA | D32: 06 Oktober 2023 | E32: 06 Maret 2023 | F32: 03 Oktober 2023 | G32: AULYA RAFNAS FAUZIAH PUTRI | H32: 3380 | I32: SMK BINA CIPTA PALEMBANG | J32: OTKP (Otomatisasi Tata Kelola Perkantoran) | K32: 80 | L32: 87 | M32: 88 | N32: 88 | O32: 88 | P32: 87 | Q32: 88 | R32: =SUM(K32:Q32) -> 606 | S32: =AVERAGE(K32:Q32) -> 86.571429 | T32: =ROUND(S32,0) -> 87 | U32: =PROPER([1]!terbilang(K32)) -> Delapan Puluh | V32: =PROPER([1]!terbilang(L32)) -> Delapan Puluh Tujuh | W32: =PROPER([1]!terbilang(M32)) -> Delapan Puluh Delapan | X32: =PROPER([1]!terbilang(N32)) -> Delapan Puluh Delapan | Y32: =PROPER([1]!terbilang(O32)) -> Delapan Puluh Delapan | Z32: =PROPER([1]!terbilang(P32)) -> Delapan Puluh Tujuh | AA32: =PROPER([1]!terbilang(Q32)) -> Delapan Puluh Delapan | AB32: =PROPER([1]!terbilang(R32)) -> Enam Ratus Enam | AC32: =PROPER([1]!terbilang(T32)) -> Delapan Puluh Tujuh
A33: 32 | B33: 14521 | C33: SISWA | D33: 06 Oktober 2023 | E33: 06 Maret 2023 | F33: 03 Oktober 2023 | G33: NENG AISYAH | H33: 3425 | I33: SMK BINA CIPTA PALEMBANG | J33: OTKP (Otomatisasi Tata Kelola Perkantoran) | K33: 90 | L33: 95 | M33: 95 | N33: 95 | O33: 90 | P33: 85 | Q33: 90 | R33: =SUM(K33:Q33) -> 640 | S33: =AVERAGE(K33:Q33) -> 91.428571 | T33: =ROUND(S33,0) -> 91 | U33: =PROPER([1]!terbilang(K33)) -> Sembilan Puluh | V33: =PROPER([1]!terbilang(L33)) -> Sembilan Puluh Lima | W33: =PROPER([1]!terbilang(M33)) -> Sembilan Puluh Lima | X33: =PROPER([1]!terbilang(N33)) -> Sembilan Puluh Lima | Y33: =PROPER([1]!terbilang(O33)) -> Sembilan Puluh | Z33: =PROPER([1]!terbilang(P33)) -> Delapan Puluh Lima | AA33: =PROPER([1]!terbilang(Q33)) -> Sembilan Puluh | AB33: =PROPER([1]!terbilang(R33)) -> Enam Ratus Empat Puluh | AC33: =PROPER([1]!terbilang(T33)) -> Sembilan Puluh Satu
A34: 33 | B34: 14522 | C34: SISWA | D34: 06 Oktober 2023 | E34: 06 Maret 2023 | F34: 03 Oktober 2023 | G34: ALIYA SALSABILA | H34: 3349 | I34: SMK BINA CIPTA PALEMBANG | J34: OTKP (Otomatisasi Tata Kelola Perkantoran) | K34: 90 | L34: 95 | M34: 95 | N34: 95 | O34: 90 | P34: 85 | Q34: 90 | R34: =SUM(K34:Q34) -> 640 | S34: =AVERAGE(K34:Q34) -> 91.428571 | T34: =ROUND(S34,0) -> 91 | U34: =PROPER([1]!terbilang(K34)) -> Sembilan Puluh | V34: =PROPER([1]!terbilang(L34)) -> Sembilan Puluh Lima | W34: =PROPER([1]!terbilang(M34)) -> Sembilan Puluh Lima | X34: =PROPER([1]!terbilang(N34)) -> Sembilan Puluh Lima | Y34: =PROPER([1]!terbilang(O34)) -> Sembilan Puluh | Z34: =PROPER([1]!terbilang(P34)) -> Delapan Puluh Lima | AA34: =PROPER([1]!terbilang(Q34)) -> Sembilan Puluh | AB34: =PROPER([1]!terbilang(R34)) -> Enam Ratus Empat Puluh | AC34: =PROPER([1]!terbilang(T34)) -> Sembilan Puluh Satu
A35: 34 | B35: 14523 | C35: SISWA | D35: 06 Oktober 2023 | E35: 06 Maret 2023 | F35: 03 Oktober 2023 | G35: DEVI MUSTIKA SARI | H35: 3437 | I35: SMK BINA CIPTA PALEMBANG | J35: OTKP (Otomatisasi Tata Kelola Perkantoran) | K35: 90 | L35: 95 | M35: 95 | N35: 95 | O35: 90 | P35: 85 | Q35: 90 | R35: =SUM(K35:Q35) -> 640 | S35: =AVERAGE(K35:Q35) -> 91.428571 | T35: =ROUND(S35,0) -> 91 | U35: =PROPER([1]!terbilang(K35)) -> Sembilan Puluh | V35: =PROPER([1]!terbilang(L35)) -> Sembilan Puluh Lima | W35: =PROPER([1]!terbilang(M35)) -> Sembilan Puluh Lima | X35: =PROPER([1]!terbilang(N35)) -> Sembilan Puluh Lima | Y35: =PROPER([1]!terbilang(O35)) -> Sembilan Puluh | Z35: =PROPER([1]!terbilang(P35)) -> Delapan Puluh Lima | AA35: =PROPER([1]!terbilang(Q35)) -> Sembilan Puluh | AB35: =PROPER([1]!terbilang(R35)) -> Enam Ratus Empat Puluh | AC35: =PROPER([1]!terbilang(T35)) -> Sembilan Puluh Satu
A36: 35 | B36: 14524 | C36: SISWA | D36: 06 Oktober 2023 | E36: 06 Maret 2023 | F36: 03 Oktober 2023 | G36: PUTRI MUHAIROH | H36: 3538 | I36: SMK BINA CIPTA PALEMBANG | J36: OTKP (Otomatisasi Tata Kelola Perkantoran) | K36: 88 | L36: 90 | M36: 90 | N36: 90 | O36: 90 | P36: 90 | Q36: 90 | R36: =SUM(K36:Q36) -> 628 | S36: =AVERAGE(K36:Q36) -> 89.714286 | T36: =ROUND(S36,0) -> 90 | U36: =PROPER([1]!terbilang(K36)) -> Delapan Puluh Delapan | V36: =PROPER([1]!terbilang(L36)) -> Sembilan Puluh | W36: =PROPER([1]!terbilang(M36)) -> Sembilan Puluh | X36: =PROPER([1]!terbilang(N36)) -> Sembilan Puluh | Y36: =PROPER([1]!terbilang(O36)) -> Sembilan Puluh | Z36: =PROPER([1]!terbilang(P36)) -> Sembilan Puluh | AA36: =PROPER([1]!terbilang(Q36)) -> Sembilan Puluh | AB36: =PROPER([1]!terbilang(R36)) -> Enam Ratus Dua Puluh Delapan | AC36: =PROPER([1]!terbilang(T36)) -> Sembilan Puluh
... A47: 49 | B47: 17074 | C47: SISWA | D47: 23 November 2023 | E47: 21 Agustus 2023 | F47: 20 November 2023 | G47: M. UWAIS AL-QARANI | H47: 12722 | I47: SMK BINA JAYA PALEMBANG | J47: Teknik Komputer dan Jaringan (TKJ) | K47: 87 | L47: 89 | M47: 91 | N47: 90 | O47: 89 | P47: 88 | Q47: 88 | R47: =SUM(K47:Q47) -> 622 | S47: =AVERAGE(K47:Q47) -> 88.857143 | T47: =ROUND(S47,0) -> 89 | U47: =PROPER([1]!terbilang(K47)) -> Delapan Puluh Tujuh | V47: =PROPER([1]!terbilang(L47)) -> Delapan Puluh Sembilan | W47: =PROPER([1]!terbilang(M47)) -> Sembilan Puluh Satu | X47: =PROPER([1]!terbilang(N47)) -> Sembilan Puluh | Y47: =PROPER([1]!terbilang(O47)) -> Delapan Puluh Sembilan | Z47: =PROPER([1]!terbilang(P47)) -> Delapan Puluh Delapan | AA47: =PROPER([1]!terbilang(Q47)) -> Delapan Puluh Delapan | AB47: =PROPER([1]!terbilang(R47)) -> Enam Ratus Dua Puluh Dua | AC47: =PROPER([1]!terbilang(T47)) -> Delapan Puluh Sembilan
A48: 50 | B48: 17075 | C48: SISWA | D48: 23 November 2023 | E48: 21 Agustus 2023 | F48: 20 November 2023 | G48: DELA MONICA | I48: SMK BINA JAYA PALEMBANG | J48: Teknik Komputer dan Jaringan (TKJ) | K48: 95 | L48: 95 | M48: 95 | N48: 98 | O48: 98 | P48: 98 | Q48: 98 | R48: =SUM(K48:Q48) -> 677 | S48: =AVERAGE(K48:Q48) -> 96.714286 | T48: =ROUND(S48,0) -> 97 | U48: =PROPER([1]!terbilang(K48)) -> Sembilan Puluh Lima | V48: =PROPER([1]!terbilang(L48)) -> Sembilan Puluh Lima | W48: =PROPER([1]!terbilang(M48)) -> Sembilan Puluh Lima | X48: =PROPER([1]!terbilang(N48)) -> Sembilan Puluh Delapan | Y48: =PROPER([1]!terbilang(O48)) -> Sembilan Puluh Delapan | Z48: =PROPER([1]!terbilang(P48)) -> Sembilan Puluh Delapan | AA48: =PROPER([1]!terbilang(Q48)) -> Sembilan Puluh Delapan | AB48: =PROPER([1]!terbilang(R48)) -> Enam Ratus Tujuh Puluh Tujuh | AC48: =PROPER([1]!terbilang(T48)) -> Sembilan Puluh Tujuh
A49: 51 | B49: 17076 | C49: SISWA | D49: 23 November 2023 | E49: 21 Agustus 2023 | F49: 20 November 2023 | G49: RANGGA SAPUTRA | H49: 12144 | I49: SMK BINA JAYA PALEMBANG | J49: Akuntansi | K49: 98 | L49: 98 | M49: 98 | N49: 98 | O49: 98 | P49: 98 | Q49: 98 | R49: =SUM(K49:Q49) -> 686 | S49: =AVERAGE(K49:Q49) -> 98 | T49: =ROUND(S49,0) -> 98 | U49: =PROPER([1]!terbilang(K49)) -> Sembilan Puluh Delapan | V49: =PROPER([1]!terbilang(L49)) -> Sembilan Puluh Delapan | W49: =PROPER([1]!terbilang(M49)) -> Sembilan Puluh Delapan | X49: =PROPER([1]!terbilang(N49)) -> Sembilan Puluh Delapan | Y49: =PROPER([1]!terbilang(O49)) -> Sembilan Puluh Delapan | Z49: =PROPER([1]!terbilang(P49)) -> Sembilan Puluh Delapan | AA49: =PROPER([1]!terbilang(Q49)) -> Sembilan Puluh Delapan | AB49: =PROPER([1]!terbilang(R49)) -> Enam Ratus Delapan Puluh Enam | AC49: =PROPER([1]!terbilang(T49)) -> Sembilan Puluh Delapan
A50: 52 | B50: 17077 | C50: SISWA | D50: 23 November 2023 | E50: 21 Agustus 2023 | F50: 20 November 2023 | G50: MSY. PUTRI NABILA | H50: 12723 | I50: SMK BINA JAYA PALEMBANG | J50: Teknik Komputer dan Jaringan (TKJ) | K50: 98 | L50: 97 | M50: 98 | N50: 98 | O50: 98 | P50: 97 | Q50: 98 | R50: =SUM(K50:Q50) -> 684 | S50: =AVERAGE(K50:Q50) -> 97.714286 | T50: =ROUND(S50,0) -> 98 | U50: =PROPER([1]!terbilang(K50)) -> Sembilan Puluh Delapan | V50: =PROPER([1]!terbilang(L50)) -> Sembilan Puluh Tujuh | W50: =PROPER([1]!terbilang(M50)) -> Sembilan Puluh Delapan | X50: =PROPER([1]!terbilang(N50)) -> Sembilan Puluh Delapan | Y50: =PROPER([1]!terbilang(O50)) -> Sembilan Puluh Delapan | Z50: =PROPER([1]!terbilang(P50)) -> Sembilan Puluh Tujuh | AA50: =PROPER([1]!terbilang(Q50)) -> Sembilan Puluh Delapan | AB50: =PROPER([1]!terbilang(R50)) -> Enam Ratus Delapan Puluh Empat | AC50: =PROPER([1]!terbilang(T50)) -> Sembilan Puluh Delapan
A51: 53 | B51: 17961 | C51: SISWA | D51: 11 Desember 2023 | E51: 10 Juli 2023 | F51: 10 Desember 2023 | G51: MUHAMMAD FAJRY | H51: 24213 | I51: SMK NEGERI 1 PALEMBANG | J51: Broadcasting dan Perfilman | K51: 89 | L51: 88 | M51: 90 | N51: 90 | O51: 90 | P51: 84 | Q51: 90 | R51: =SUM(K51:Q51) -> 621 | S51: =AVERAGE(K51:Q51) -> 88.714286 | T51: =ROUND(S51,0) -> 89 | U51: =PROPER([1]!terbilang(K51)) -> Delapan Puluh Sembilan | V51: =PROPER([1]!terbilang(L51)) -> Delapan Puluh Delapan | W51: =PROPER([1]!terbilang(M51)) -> Sembilan Puluh | X51: =PROPER([1]!terbilang(N51)) -> Sembilan Puluh | Y51: =PROPER([1]!terbilang(O51)) -> Sembilan Puluh | Z51: =PROPER([1]!terbilang(P51)) -> Delapan Puluh Empat | AA51: =PROPER([1]!terbilang(Q51)) -> Sembilan Puluh | AB51: =PROPER([1]!terbilang(R51)) -> Enam Ratus Dua Puluh Satu | AC51: =PROPER([1]!terbilang(T51)) -> Delapan Puluh Sembilan
A52: 54 | B52: 18067 | C52: SISWA | D52: 13 Desember 2023 | E52: 07 Agustus 2023 | F52: 08 Desember 2023 | G52: M. HUD SOLEH | H52: 24126 | I52: SMK NEGERI 1 PALEMBANG | J52: Teknik Jaringan Komputer dan Komunikasi (TJKT) | K52: 84 | L52: 83 | M52: 84 | N52: 85 | O52: 85 | P52: 84 | Q52: 85 | R52: =SUM(K52:Q52) -> 590 | S52: =AVERAGE(K52:Q52) -> 84.285714 | T52: =ROUND(S52,0) -> 84 | U52: =PROPER([1]!terbilang(K52)) -> Delapan Puluh Empat | V52: =PROPER([1]!terbilang(L52)) -> Delapan Puluh Tiga | W52: =PROPER([1]!terbilang(M52)) -> Delapan Puluh Empat | X52: =PROPER([1]!terbilang(N52)) -> Delapan Puluh Lima | Y52: =PROPER([1]!terbilang(O52)) -> Delapan Puluh Lima | Z52: =PROPER([1]!terbilang(P52)) -> Delapan Puluh Empat | AA52: =PROPER([1]!terbilang(Q52)) -> Delapan Puluh Lima | AB52: =PROPER([1]!terbilang(R52)) -> Lima Ratus Sembilan Puluh | AC52: =PROPER([1]!terbilang(T52)) -> Delapan Puluh Empat
A53: 55 | B53: 18068 | C53: SISWA | D53: 13 Desember 2023 | E53: 07 Agustus 2023 | F53: 08 Desember 2023 | G53: M. RIZKY FATRIA IF GIZA | H53: 24155 | I53: SMK NEGERI 1 PALEMBANG | J53: Teknik Jaringan Komputer dan Komunikasi (TJKT) | K53: 86 | L53: 87 | M53: 87 | N53: 87 | O53: 86 | P53: 86 | Q53: 88 | R53: =SUM(K53:Q53) -> 607 | S53: =AVERAGE(K53:Q53) -> 86.714286 | T53: =ROUND(S53,0) -> 87 | U53: =PROPER([1]!terbilang(K53)) -> Delapan Puluh Enam | V53: =PROPER([1]!terbilang(L53)) -> Delapan Puluh Tujuh | W53: =PROPER([1]!terbilang(M53)) -> Delapan Puluh Tujuh | X53: =PROPER([1]!terbilang(N53)) -> Delapan Puluh Tujuh | Y53: =PROPER([1]!terbilang(O53)) -> Delapan Puluh Enam | Z53: =PROPER([1]!terbilang(P53)) -> Delapan Puluh Enam | AA53: =PROPER([1]!terbilang(Q53)) -> Delapan Puluh Delapan | AB53: =PROPER([1]!terbilang(R53)) -> Enam Ratus Tujuh | AC53: =PROPER([1]!terbilang(T53)) -> Delapan Puluh Tujuh
A54: 56 | B54: 18173 | C54: MAHASISWA | D54: 14 Desember 2023 | E54: 14 Agustus 2023 | F54: 30 November 2023 | G54: RESAH OKTARINA | H54: 20612010156 | I54: UNIVERSITAS SUMATERA SELATAN | J54: Manajemen | K54: 97 | L54: 85 | M54: 93 | N54: 85 | O54: 89 | P54: 95 | Q54: 89 | R54: =SUM(K54:Q54) -> 633 | S54: =AVERAGE(K54:Q54) -> 90.428571 | T54: =ROUND(S54,0) -> 90 | U54: =PROPER([1]!terbilang(K54)) -> Sembilan Puluh Tujuh | V54: =PROPER([1]!terbilang(L54)) -> Delapan Puluh Lima | W54: =PROPER([1]!terbilang(M54)) -> Sembilan Puluh Tiga | X54: =PROPER([1]!terbilang(N54)) -> Delapan Puluh Lima | Y54: =PROPER([1]!terbilang(O54)) -> Delapan Puluh Sembilan | Z54: =PROPER([1]!terbilang(P54)) -> Sembilan Puluh Lima | AA54: =PROPER([1]!terbilang(Q54)) -> Delapan Puluh Sembilan | AB54: =PROPER([1]!terbilang(R54)) -> Enam Ratus Tiga Puluh Tiga | AC54: =PROPER([1]!terbilang(T54)) -> Sembilan Puluh
A55: 57 | B55: 18174 | C55: MAHASISWA | D55: 14 Desember 2023 | E55: 14 Agustus 2023 | F55: 30 November 2023 | G55: ZIRA YASCER | H55: 20612010088 | I55: UNIVERSITAS SUMATERA SELATAN | J55: Manajemen | K55: 97 | L55: 94 | M55: 94 | N55: 96 | O55: 95 | P55: 94 | Q55: 95 | R55: =SUM(K55:Q55) -> 665 | S55: =AVERAGE(K55:Q55) -> 95 | T55: =ROUND(S55,0) -> 95 | U55: =PROPER([1]!terbilang(K55)) -> Sembilan Puluh Tujuh | V55: =PROPER([1]!terbilang(L55)) -> Sembilan Puluh Empat | W55: =PROPER([1]!terbilang(M55)) -> Sembilan Puluh Empat | X55: =PROPER([1]!terbilang(N55)) -> Sembilan Puluh Enam | Y55: =PROPER([1]!terbilang(O55)) -> Sembilan Puluh Lima | Z55: =PROPER([1]!terbilang(P55)) -> Sembilan Puluh Empat | AA55: =PROPER([1]!terbilang(Q55)) -> Sembilan Puluh Lima | AB55: =PROPER([1]!terbilang(R55)) -> Enam Ratus Enam Puluh Lima | AC55: =PROPER([1]!terbilang(T55)) -> Sembilan Puluh Lima
A56: 58 | B56: 18175 | C56: MAHASISWA | D56: 14 Desember 2023 | E56: 14 Agustus 2023 | F56: 30 November 2023 | G56: HENNY AMELIA | H56: 20612010150 | I56: UNIVERSITAS SUMATERA SELATAN | J56: Manajemen | K56: 90 | L56: 87 | M56: 90 | N56: 90 | O56: 88 | P56: 87 | Q56: 92 | R56: =SUM(K56:Q56) -> 624 | S56: =AVERAGE(K56:Q56) -> 89.142857 | T56: =ROUND(S56,0) -> 89 | U56: =PROPER([1]!terbilang(K56)) -> Sembilan Puluh | V56: =PROPER([1]!terbilang(L56)) -> Delapan Puluh Tujuh | W56: =PROPER([1]!terbilang(M56)) -> Sembilan Puluh | X56: =PROPER([1]!terbilang(N56)) -> Sembilan Puluh | Y56: =PROPER([1]!terbilang(O56)) -> Delapan Puluh Delapan | Z56: =PROPER([1]!terbilang(P56)) -> Delapan Puluh Tujuh | AA56: =PROPER([1]!terbilang(Q56)) -> Sembilan Puluh Dua | AB56: =PROPER([1]!terbilang(R56)) -> Enam Ratus Dua Puluh Empat | AC56: =PROPER([1]!terbilang(T56)) -> Delapan Puluh Sembilan
A57: 59 | B57: 18176 | C57: MAHASISWA | D57: 14 Desember 2023 | E57: 14 Agustus 2023 | F57: 30 November 2023 | G57: TARISA AMALIA CATUR PANGESTUS | H57: 20612010142 | I57: UNIVERSITAS SUMATERA SELATAN | J57: Manajemen | K57: 92 | L57: 87 | M57: 90 | N57: 91 | O57: 91 | P57: 88 | Q57: 90 | R57: =SUM(K57:Q57) -> 629 | S57: =AVERAGE(K57:Q57) -> 89.857143 | T57: =ROUND(S57,0) -> 90 | U57: =PROPER([1]!terbilang(K57)) -> Sembilan Puluh Dua | V57: =PROPER([1]!terbilang(L57)) -> Delapan Puluh Tujuh | W57: =PROPER([1]!terbilang(M57)) -> Sembilan Puluh | X57: =PROPER([1]!terbilang(N57)) -> Sembilan Puluh Satu | Y57: =PROPER([1]!terbilang(O57)) -> Sembilan Puluh Satu | Z57: =PROPER([1]!terbilang(P57)) -> Delapan Puluh Delapan | AA57: =PROPER([1]!terbilang(Q57)) -> Sembilan Puluh | AB57: =PROPER([1]!terbilang(R57)) -> Enam Ratus Dua Puluh Sembilan | AC57: =PROPER([1]!terbilang(T57)) -> Sembilan Puluh
A58: 60 | B58: 155 | C58: SISWA | D58: 2 Januari 2024 | E58: 01 November 2023 | F58: 15 Desember 2023 | G58: BAYU DWI PRASETYO | H58: 39813 | I58: SMK NEGERI 2 PALEMBANG | J58: Teknik Mekatronika | K58: 90 | L58: 90 | M58: 90 | N58: 90 | O58: 90 | P58: 90 | Q58: 90 | R58: =SUM(K58:Q58) -> 630 | S58: =AVERAGE(K58:Q58) -> 90 | T58: =ROUND(S58,0) -> 90 | U58: =PROPER([1]!terbilang(K58)) -> Sembilan Puluh | V58: =PROPER([1]!terbilang(L58)) -> Sembilan Puluh | W58: =PROPER([1]!terbilang(M58)) -> Sembilan Puluh | X58: =PROPER([1]!terbilang(N58)) -> Sembilan Puluh | Y58: =PROPER([1]!terbilang(O58)) -> Sembilan Puluh | Z58: =PROPER([1]!terbilang(P58)) -> Sembilan Puluh | AA58: =PROPER([1]!terbilang(Q58)) -> Sembilan Puluh | AB58: =PROPER([1]!terbilang(R58)) -> Enam Ratus Tiga Puluh | AC58: =PROPER([1]!terbilang(T58)) -> Sembilan Puluh
A59: 61 | B59: 145 | C59: MAHASISWA | D59: 2 Januari 2024 | E59: 10 Oktober 2023 | F59: 23 Desember 2023 | G59: SELLY OKTALIZA | H59: 2021143181 | I59: UNIVERSITAS PGRI PALEMBANG | J59: Pendidikan Guru Sekolah Dasar | K59: 80 | L59: 83 | M59: 83 | N59: 80 | O59: 82 | P59: 81 | Q59: 85 | R59: =SUM(K59:Q59) -> 574 | S59: =AVERAGE(K59:Q59) -> 82 | T59: =ROUND(S59,0) -> 82 | U59: =PROPER([1]!terbilang(K59)) -> Delapan Puluh | V59: =PROPER([1]!terbilang(L59)) -> Delapan Puluh Tiga | W59: =PROPER([1]!terbilang(M59)) -> Delapan Puluh Tiga | X59: =PROPER([1]!terbilang(N59)) -> Delapan Puluh | Y59: =PROPER([1]!terbilang(O59)) -> Delapan Puluh Dua | Z59: =PROPER([1]!terbilang(P59)) -> Delapan Puluh Satu | AA59: =PROPER([1]!terbilang(Q59)) -> Delapan Puluh Lima | AB59: =PROPER([1]!terbilang(R59)) -> Lima Ratus Tujuh Puluh Empat | AC59: =PROPER([1]!terbilang(T59)) -> Delapan Puluh Dua
A60: 62 | B60: 146 | C60: MAHASISWA | D60: 2 Januari 2024 | E60: 10 Oktober 2023 | F60: 23 Desember 2023 | G60: DESSY CAHYA UTAMY | H60: 2021143185 | I60: UNIVERSITAS PGRI PALEMBANG | J60: Pendidikan Guru Sekolah Dasar | K60: 80 | L60: 83 | M60: 83 | N60: 80 | O60: 82 | P60: 81 | Q60: 85 | R60: =SUM(K60:Q60) -> 574 | S60: =AVERAGE(K60:Q60) -> 82 | T60: =ROUND(S60,0) -> 82 | U60: =PROPER([1]!terbilang(K60)) -> Delapan Puluh | V60: =PROPER([1]!terbilang(L60)) -> Delapan Puluh Tiga | W60: =PROPER([1]!terbilang(M60)) -> Delapan Puluh Tiga | X60: =PROPER([1]!terbilang(N60)) -> Delapan Puluh | Y60: =PROPER([1]!terbilang(O60)) -> Delapan Puluh Dua | Z60: =PROPER([1]!terbilang(P60)) -> Delapan Puluh Satu | AA60: =PROPER([1]!terbilang(Q60)) -> Delapan Puluh Lima | AB60: =PROPER([1]!terbilang(R60)) -> Lima Ratus Tujuh Puluh Empat | AC60: =PROPER([1]!terbilang(T60)) -> Delapan Puluh Dua
... A102: 104 | B102: 13774 | C102: MAHASISWA | D102: 10 Juni 2024 | E102: 05 Februari 2024 | F102: 05 Juni 2024 | G102: MUTIARA RAHMASARI | H102: 07021382126165 | I102: UNIVERSITAS SRIWIJAYA | J102: SOSIOLOGI | K102: 91 | L102: 88 | M102: 89 | N102: 95 | O102: 95 | P102: 88 | Q102: 95 | R102: =SUM(K102:Q102) -> 641 | S102: =AVERAGE(K102:Q102) -> 91.571429 | T102: =ROUND(S102,0) -> 92 | U102: =PROPER([1]!terbilang(K102)) -> Sembilan Puluh Satu | V102: =PROPER([1]!terbilang(L102)) -> Delapan Puluh Delapan | W102: =PROPER([1]!terbilang(M102)) -> Delapan Puluh Sembilan | X102: =PROPER([1]!terbilang(N102)) -> Sembilan Puluh Lima | Y102: =PROPER([1]!terbilang(O102)) -> Sembilan Puluh Lima | Z102: =PROPER([1]!terbilang(P102)) -> Delapan Puluh Delapan | AA102: =PROPER([1]!terbilang(Q102)) -> Sembilan Puluh Lima | AB102: =PROPER([1]!terbilang(R102)) -> Enam Ratus Empat Puluh Satu | AC102: =PROPER([1]!terbilang(T102)) -> Sembilan Puluh Dua
A103: 105 | B103: 15682 | C103: MAHASISWA | D103: 02 Agustus 2024 | E103: 01 Juli 2024 | F103: 30 Juli 2024 | G103: LYRA SUCI RAMADANI | H103: 2120505006 | I103: UIN RADEN FATAH PALEMBANG | J103: PENGEMBANGAN MASYARAKAT ISLAM | K103: 98 | L103: 98 | M103: 97 | N103: 98 | O103: 98 | P103: 97 | Q103: 99 | R103: =SUM(K106:Q106) -> 685 | S103: =AVERAGE(K106:Q106) -> 97.857143 | T103: =ROUND(S103,0) -> 98 | U103: =PROPER([1]!terbilang(K106)) -> Sembilan Puluh Delapan | V103: =PROPER([1]!terbilang(L106)) -> Sembilan Puluh Delapan | W103: =PROPER([1]!terbilang(M106)) -> Sembilan Puluh Tujuh | X103: =PROPER([1]!terbilang(N106)) -> Sembilan Puluh Delapan | Y103: =PROPER([1]!terbilang(O106)) -> Sembilan Puluh Delapan | Z103: =PROPER([1]!terbilang(P106)) -> Sembilan Puluh Tujuh | AA103: =PROPER([1]!terbilang(Q106)) -> Sembilan Puluh Sembilan | AB103: =PROPER([1]!terbilang(R103)) -> Enam Ratus Delapan Puluh Lima | AC103: =PROPER([1]!terbilang(T103)) -> Sembilan Puluh Delapan
A104: 106 | B104: 15683 | C104: MAHASISWA | D104: 02 Agustus 2024 | E104: 01 Juli 2024 | F104: 30 Juli 2024 | G104: NURDIN | H104: 2130505038 | I104: UIN RADEN FATAH PALEMBANG | J104: PENGEMBANGAN MASYARAKAT ISLAM | K104: 98 | L104: 98 | M104: 97 | N104: 98 | O104: 98 | P104: 97 | Q104: 99 | R104: =SUM(K104:Q104) -> 685 | S104: =AVERAGE(K104:Q104) -> 97.857143 | T104: =ROUND(S104,0) -> 98 | U104: =PROPER([1]!terbilang(K104)) -> Sembilan Puluh Delapan | V104: =PROPER([1]!terbilang(L104)) -> Sembilan Puluh Delapan | W104: =PROPER([1]!terbilang(M104)) -> Sembilan Puluh Tujuh | X104: =PROPER([1]!terbilang(N104)) -> Sembilan Puluh Delapan | Y104: =PROPER([1]!terbilang(O104)) -> Sembilan Puluh Delapan | Z104: =PROPER([1]!terbilang(P104)) -> Sembilan Puluh Tujuh | AA104: =PROPER([1]!terbilang(Q104)) -> Sembilan Puluh Sembilan | AB104: =PROPER([1]!terbilang(R104)) -> Enam Ratus Delapan Puluh Lima | AC104: =PROPER([1]!terbilang(T104)) -> Sembilan Puluh Delapan
A105: 107 | B105: 15684 | C105: MAHASISWA | D105: 02 Agustus 2024 | E105: 01 Juli 2024 | F105: 30 Juli 2024 | G105: YOZENNA RATULIYU | H105: 2130505030 | I105: UIN RADEN FATAH PALEMBANG | J105: PENGEMBANGAN MASYARAKAT ISLAM | K105: 98 | L105: 98 | M105: 97 | N105: 98 | O105: 98 | P105: 97 | Q105: 99 | R105: =SUM(K105:Q105) -> 685 | S105: =AVERAGE(K105:Q105) -> 97.857143 | T105: =ROUND(S105,0) -> 98 | U105: =PROPER([1]!terbilang(K105)) -> Sembilan Puluh Delapan | V105: =PROPER([1]!terbilang(L105)) -> Sembilan Puluh Delapan | W105: =PROPER([1]!terbilang(M105)) -> Sembilan Puluh Tujuh | X105: =PROPER([1]!terbilang(N105)) -> Sembilan Puluh Delapan | Y105: =PROPER([1]!terbilang(O105)) -> Sembilan Puluh Delapan | Z105: =PROPER([1]!terbilang(P105)) -> Sembilan Puluh Tujuh | AA105: =PROPER([1]!terbilang(Q105)) -> Sembilan Puluh Sembilan | AB105: =PROPER([1]!terbilang(R105)) -> Enam Ratus Delapan Puluh Lima | AC105: =PROPER([1]!terbilang(T105)) -> Sembilan Puluh Delapan
A106: 108 | B106: 15685 | C106: MAHASISWA | D106: 02 Agustus 2024 | E106: 01 Juli 2024 | F106: 30 Juli 2024 | G106: TIKA RAHMAWATI | H106: 2120505010 | I106: UIN RADEN FATAH PALEMBANG | J106: PENGEMBANGAN MASYARAKAT ISLAM | K106: 98 | L106: 98 | M106: 97 | N106: 98 | O106: 98 | P106: 97 | Q106: 99 | R106: =SUM(K106:Q106) -> 685 | S106: =AVERAGE(K106:Q106) -> 97.857143 | T106: =ROUND(S106,0) -> 98 | U106: =PROPER([1]!terbilang(K106)) -> Sembilan Puluh Delapan | V106: =PROPER([1]!terbilang(L106)) -> Sembilan Puluh Delapan | W106: =PROPER([1]!terbilang(M106)) -> Sembilan Puluh Tujuh | X106: =PROPER([1]!terbilang(N106)) -> Sembilan Puluh Delapan | Y106: =PROPER([1]!terbilang(O106)) -> Sembilan Puluh Delapan | Z106: =PROPER([1]!terbilang(P106)) -> Sembilan Puluh Tujuh | AA106: =PROPER([1]!terbilang(Q106)) -> Sembilan Puluh Sembilan | AB106: =PROPER([1]!terbilang(R106)) -> Enam Ratus Delapan Puluh Lima | AC106: =PROPER([1]!terbilang(T106)) -> Sembilan Puluh Delapan
A107: 109 | B107: 16204 | C107: MAHASISWA | D107: 23 Agustus 2024 | E107: 01 Juli 2024 | F107: 16 Agustus 2024 | G107: SALSABILA | H107: 2230701149 | I107: UIN RADEN FATAH PALEMBANG | J107: ILMU SOSIAL DAN ILMU POLITIK/ILMU KOMUNIKASI | K107: 92 | L107: 90 | M107: 91 | N107: 92 | O107: 91 | P107: 90 | Q107: 91 | R107: =SUM(K107:Q107) -> 637 | S107: =AVERAGE(K107:Q107) -> 91 | T107: =ROUND(S107,0) -> 91 | U107: =PROPER([1]!terbilang(K107)) -> Sembilan Puluh Dua | V107: =PROPER([1]!terbilang(L107)) -> Sembilan Puluh | W107: =PROPER([1]!terbilang(M107)) -> Sembilan Puluh Satu | X107: =PROPER([1]!terbilang(N107)) -> Sembilan Puluh Dua | Y107: =PROPER([1]!terbilang(O107)) -> Sembilan Puluh Satu | Z107: =PROPER([1]!terbilang(P107)) -> Sembilan Puluh | AA107: =PROPER([1]!terbilang(Q107)) -> Sembilan Puluh Satu | AB107: =PROPER([1]!terbilang(R107)) -> Enam Ratus Tiga Puluh Tujuh | AC107: =PROPER([1]!terbilang(T107)) -> Sembilan Puluh Satu
A108: 110 | B108: 16202 | C108: MAHASISWA | D108: 23 Agustus 2024 | E108: 01 Juli 2024 | F108: 16 Agustus 2024 | G108: NYAYU LUTFIA SAHARANI | H108: 2230701169 | I108: UIN RADEN FATAH PALEMBANG | J108: ILMU SOSIAL DAN ILMU POLITIK/ILMU KOMUNIKASI | K108: 92 | L108: 91 | M108: 91 | N108: 92 | O108: 90 | P108: 90 | Q108: 91 | R108: =SUM(K108:Q108) -> 637 | S108: =AVERAGE(K108:Q108) -> 91 | T108: =ROUND(S108,0) -> 91 | U108: =PROPER([1]!terbilang(K108)) -> Sembilan Puluh Dua | V108: =PROPER([1]!terbilang(L108)) -> Sembilan Puluh Satu | W108: =PROPER([1]!terbilang(M108)) -> Sembilan Puluh Satu | X108: =PROPER([1]!terbilang(N108)) -> Sembilan Puluh Dua | Y108: =PROPER([1]!terbilang(O108)) -> Sembilan Puluh | Z108: =PROPER([1]!terbilang(P108)) -> Sembilan Puluh | AA108: =PROPER([1]!terbilang(Q108)) -> Sembilan Puluh Satu | AB108: =PROPER([1]!terbilang(R108)) -> Enam Ratus Tiga Puluh Tujuh | AC108: =PROPER([1]!terbilang(T108)) -> Sembilan Puluh Satu
A109: 111 | B109: 16203 | C109: MAHASISWA | D109: 23 Agustus 2024 | E109: 01 Juli 2024 | F109: 16 Agustus 2024 | G109: ALVINA PUTRI SALSABILA | H109: 2230701183 | I109: UIN RADEN FATAH PALEMBANG | J109: ILMU SOSIAL DAN ILMU POLITIK/ILMU KOMUNIKASI | K109: 92 | L109: 91 | M109: 90 | N109: 91 | O109: 90 | P109: 90 | Q109: 91 | R109: =SUM(K109:Q109) -> 635 | S109: =AVERAGE(K109:Q109) -> 90.714286 | T109: =ROUND(S109,0) -> 91 | U109: =PROPER([1]!terbilang(K109)) -> Sembilan Puluh Dua | V109: =PROPER([1]!terbilang(L109)) -> Sembilan Puluh Satu | W109: =PROPER([1]!terbilang(M109)) -> Sembilan Puluh | X109: =PROPER([1]!terbilang(N109)) -> Sembilan Puluh Satu | Y109: =PROPER([1]!terbilang(O109)) -> Sembilan Puluh | Z109: =PROPER([1]!terbilang(P109)) -> Sembilan Puluh | AA109: =PROPER([1]!terbilang(Q109)) -> Sembilan Puluh Satu | AB109: =PROPER([1]!terbilang(R109)) -> Enam Ratus Tiga Puluh Lima | AC109: =PROPER([1]!terbilang(T109)) -> Sembilan Puluh Satu
A110: 112 | B110: 16292 | C110: MAHASISWA | D110: 27 Agustus 2024 | E110: 01 Juli 2024 | F110: 23 Agustus 2024 | G110: SITI HANNA TRIA AGUSTIN | H110: 2130803110 | I110: UIN RADEN FATAH PALEMBANG | J110: SISTEM INFORMASI | K110: 95 | L110: 90 | M110: 90 | N110: 95 | O110: 90 | P110: 95 | Q110: 95 | R110: =SUM(K110:Q110) -> 650 | S110: =AVERAGE(K110:Q110) -> 92.857143 | T110: =ROUND(S110,0) -> 93 | U110: =PROPER([1]!terbilang(K110)) -> Sembilan Puluh Lima | V110: =PROPER([1]!terbilang(L110)) -> Sembilan Puluh | W110: =PROPER([1]!terbilang(M110)) -> Sembilan Puluh | X110: =PROPER([1]!terbilang(N110)) -> Sembilan Puluh Lima | Y110: =PROPER([1]!terbilang(O110)) -> Sembilan Puluh | Z110: =PROPER([1]!terbilang(P110)) -> Sembilan Puluh Lima | AA110: =PROPER([1]!terbilang(Q110)) -> Sembilan Puluh Lima | AB110: =PROPER([1]!terbilang(R110)) -> Enam Ratus Lima Puluh | AC110: =PROPER([1]!terbilang(T110)) -> Sembilan Puluh Tiga
A111: 113 | B111: 16293 | C111: MAHASISWA | D111: 27 Agustus 2024 | E111: 01 Juli 2024 | F111: 23 Agustus 2024 | G111: NABILA RAMADHINI | H111: 2130803115 | I111: UIN RADEN FATAH PALEMBANG | J111: SISTEM INFORMASI | K111: 95 | L111: 93 | M111: 94 | N111: 95 | O111: 85 | P111: 93 | Q111: 95 | R111: =SUM(K111:Q111) -> 650 | S111: =AVERAGE(K111:Q111) -> 92.857143 | T111: =ROUND(S111,0) -> 93 | U111: =PROPER([1]!terbilang(K111)) -> Sembilan Puluh Lima | V111: =PROPER([1]!terbilang(L111)) -> Sembilan Puluh Tiga | W111: =PROPER([1]!terbilang(M111)) -> Sembilan Puluh Empat | X111: =PROPER([1]!terbilang(N111)) -> Sembilan Puluh Lima | Y111: =PROPER([1]!terbilang(O111)) -> Delapan Puluh Lima | Z111: =PROPER([1]!terbilang(P111)) -> Sembilan Puluh Tiga | AA111: =PROPER([1]!terbilang(Q111)) -> Sembilan Puluh Lima | AB111: =PROPER([1]!terbilang(R111)) -> Enam Ratus Lima Puluh | AC111: =PROPER([1]!terbilang(T111)) -> Sembilan Puluh Tiga
A112: 114 | B112: 16345 | C112: MAHASISWA | D112: 02 Agustus 2024 | E112: 01 Agustus 2024 | F112: 31 Agustus 2024 | G112: MUHAMMMAD HASAN ABDULLAH | H112: 2130401033 | I112: UIN RADEN FATAH PALEMBANG | J112: BAHASA DAN SASTRA ARAB | K112: 93 | L112: 92 | M112: 93 | N112: 95 | O112: 94 | P112: 94 | Q112: 95 | R112: 93 | S112: =AVERAGE(K112:Q112) -> 93.714286 | T112: =ROUND(S112,0) -> 94 | U112: =PROPER([1]!terbilang(K112)) -> Sembilan Puluh Tiga | V112: =PROPER([1]!terbilang(L112)) -> Sembilan Puluh Dua | W112: =PROPER([1]!terbilang(M112)) -> Sembilan Puluh Tiga | X112: =PROPER([1]!terbilang(N112)) -> Sembilan Puluh Lima | Y112: =PROPER([1]!terbilang(O112)) -> Sembilan Puluh Empat | Z112: =PROPER([1]!terbilang(P112)) -> Sembilan Puluh Empat | AA112: =PROPER([1]!terbilang(Q112)) -> Sembilan Puluh Lima | AB112: =PROPER([1]!terbilang(R112)) -> Sembilan Puluh Tiga | AC112: =PROPER([1]!terbilang(T112)) -> Sembilan Puluh Empat
A113: 115 | B113: 16434 | C113: MAHASISWA | D113: 02 Agustus 2024 | E113: 01 Agustus 2024 | F113: 31 Agustus 2024 | G113: WILLY DUARTA IDA GUSTIAN | H113: 2120401028 | I113: UIN RADEN FATAH PALEMBANG | J113: BAHASA DAN SASTRA ARAB | K113: 94 | L113: 93 | M113: 94 | N113: 95 | O113: 94 | P113: 92 | Q113: 95 | R113: 93 | S113: =AVERAGE(K113:Q113) -> 93.857143 | T113: =ROUND(S113,0) -> 94 | U113: =PROPER([1]!terbilang(K113)) -> Sembilan Puluh Empat | V113: =PROPER([1]!terbilang(L113)) -> Sembilan Puluh Tiga | W113: =PROPER([1]!terbilang(M113)) -> Sembilan Puluh Empat | X113: =PROPER([1]!terbilang(N113)) -> Sembilan Puluh Lima | Y113: =PROPER([1]!terbilang(O113)) -> Sembilan Puluh Empat | Z113: =PROPER([1]!terbilang(P113)) -> Sembilan Puluh Dua | AA113: =PROPER([1]!terbilang(Q113)) -> Sembilan Puluh Lima | AB113: =PROPER([1]!terbilang(R113)) -> Sembilan Puluh Tiga | AC113: =PROPER([1]!terbilang(T113)) -> Sembilan Puluh Empat
A114: 116 | B114: 17353 | C114: SISWA | D114: 27 September 2024 | E114: 01 April 2024 | F114: 27 September 2024 | G114: KHANSA HAIRUNNISA | I114: SMK NURUL IMAN PALEMBANG | J114: OTOMATISASI TATA KELOLA PERKANTORAN (OTKP) | K114: 93 | L114: 95 | M114: 93 | N114: 93 | O114: 93 | P114: 97 | Q114: 95 | R114: =SUM(K114:Q114) -> 659 | S114: =AVERAGE(K114:Q114) -> 94.142857 | T114: =ROUND(S114,0) -> 94 | U114: =PROPER([1]!terbilang(K114)) -> Sembilan Puluh Tiga | V114: =PROPER([1]!terbilang(L114)) -> Sembilan Puluh Lima | W114: =PROPER([1]!terbilang(M114)) -> Sembilan Puluh Tiga | X114: =PROPER([1]!terbilang(N114)) -> Sembilan Puluh Tiga | Y114: =PROPER([1]!terbilang(O114)) -> Sembilan Puluh Tiga | Z114: =PROPER([1]!terbilang(P114)) -> Sembilan Puluh Tujuh | AA114: =PROPER([1]!terbilang(Q114)) -> Sembilan Puluh Lima | AB114: =PROPER([1]!terbilang(R114)) -> Enam Ratus Lima Puluh Sembilan | AC114: =PROPER([1]!terbilang(T114)) -> Sembilan Puluh Empat
A115: 117 | B115: 17357 | C115: SISWA | D115: 27 September 2024 | E115: 01 April 2024 | F115: 27 September 2024 | G115: NABILA WARNINGSI | H115: 0078085873 | I115: SMK NURUL IMAN PALEMBANG | J115: OTOMATISASI TATA KELOLA PERKANTORAN (OTKP) | K115: 97 | L115: 96 | M115: 95 | N115: 97 | O115: 95 | P115: 94 | Q115: 98 | R115: =SUM(K115:Q115) -> 672 | S115: =AVERAGE(K115:Q115) -> 96 | T115: =ROUND(S115,0) -> 96 | U115: =PROPER([1]!terbilang(K115)) -> Sembilan Puluh Tujuh | V115: =PROPER([1]!terbilang(L115)) -> Sembilan Puluh Enam | W115: =PROPER([1]!terbilang(M115)) -> Sembilan Puluh Lima | X115: =PROPER([1]!terbilang(N115)) -> Sembilan Puluh Tujuh | Y115: =PROPER([1]!terbilang(O115)) -> Sembilan Puluh Lima | Z115: =PROPER([1]!terbilang(P115)) -> Sembilan Puluh Empat | AA115: =PROPER([1]!terbilang(Q115)) -> Sembilan Puluh Delapan | AB115: =PROPER([1]!terbilang(R115)) -> Enam Ratus Tujuh Puluh Dua | AC115: =PROPER([1]!terbilang(T115)) -> Sembilan Puluh Enam
A116: 118 | B116: 17355 | C116: SISWA | D116: 27 September 2024 | E116: 01 April 2024 | F116: 27 September 2024 | G116: EEN | I116: SMK NURUL IMAN PALEMBANG | J116: OTOMATISASI TATA KELOLA PERKANTORAN (OTKP) | K116: 95 | L116: 95 | M116: 95 | N116: 95 | O116: 92 | P116: 87 | Q116: 95 | R116: =SUM(K116:Q116) -> 654 | S116: =AVERAGE(K116:Q116) -> 93.428571 | T116: =ROUND(S116,0) -> 93 | U116: =PROPER([1]!terbilang(K116)) -> Sembilan Puluh Lima | V116: =PROPER([1]!terbilang(L116)) -> Sembilan Puluh Lima | W116: =PROPER([1]!terbilang(M116)) -> Sembilan Puluh Lima | X116: =PROPER([1]!terbilang(N116)) -> Sembilan Puluh Lima | Y116: =PROPER([1]!terbilang(O116)) -> Sembilan Puluh Dua | Z116: =PROPER([1]!terbilang(P116)) -> Delapan Puluh Tujuh | AA116: =PROPER([1]!terbilang(Q116)) -> Sembilan Puluh Lima | AB116: =PROPER([1]!terbilang(R116)) -> Enam Ratus Lima Puluh Empat | AC116: =PROPER([1]!terbilang(T116)) -> Sembilan Puluh Tiga
A117: 119 | B117: 17354 | C117: SISWA | D117: 27 September 2024 | E117: 01 April 2024 | F117: 27 September 2024 | G117: ARKA ZORRA N. | H117: 2928 | I117: SMK NURUL IMAN PALEMBANG | J117: OTOMATISASI TATA KELOLA PERKANTORAN (OTKP) | K117: 90 | L117: 90 | M117: 90 | N117: 90 | O117: 91 | P117: 90 | Q117: 91 | R117: =SUM(K117:Q117) -> 632 | S117: =AVERAGE(K117:Q117) -> 90.285714 | T117: =ROUND(S117,0) -> 90 | U117: =PROPER([1]!terbilang(K117)) -> Sembilan Puluh | V117: =PROPER([1]!terbilang(L117)) -> Sembilan Puluh | W117: =PROPER([1]!terbilang(M117)) -> Sembilan Puluh | X117: =PROPER([1]!terbilang(N117)) -> Sembilan Puluh | Y117: =PROPER([1]!terbilang(O117)) -> Sembilan Puluh Satu | Z117: =PROPER([1]!terbilang(P117)) -> Sembilan Puluh | AA117: =PROPER([1]!terbilang(Q117)) -> Sembilan Puluh Satu | AB117: =PROPER([1]!terbilang(R117)) -> Enam Ratus Tiga Puluh Dua | AC117: =PROPER([1]!terbilang(T117)) -> Sembilan Puluh
A118: 120 | B118: 17356 | C118: SISWA | D118: 27 September 2024 | E118: 01 April 2024 | F118: 27 September 2024 | G118: APMARTA RADA | I118: SMK NURUL IMAN PALEMBANG | J118: OTOMATISASI TATA KELOLA PERKANTORAN (OTKP) | K118: 95 | L118: 95 | M118: 95 | N118: 91 | O118: 93 | P118: 91 | Q118: 97 | R118: =SUM(K118:Q118) -> 657 | S118: =AVERAGE(K118:Q118) -> 93.857143 | T118: =ROUND(S118,0) -> 94 | U118: =PROPER([1]!terbilang(K118)) -> Sembilan Puluh Lima | V118: =PROPER([1]!terbilang(L118)) -> Sembilan Puluh Lima | W118: =PROPER([1]!terbilang(M118)) -> Sembilan Puluh Lima | X118: =PROPER([1]!terbilang(N118)) -> Sembilan Puluh Satu | Y118: =PROPER([1]!terbilang(O118)) -> Sembilan Puluh Tiga | Z118: =PROPER([1]!terbilang(P118)) -> Sembilan Puluh Satu | AA118: =PROPER([1]!terbilang(Q118)) -> Sembilan Puluh Tujuh | AB118: =PROPER([1]!terbilang(R118)) -> Enam Ratus Lima Puluh Tujuh | AC118: =PROPER([1]!terbilang(T118)) -> Sembilan Puluh Empat
A119: 121 | B119: 18571 | C119: SISWA | D119: 15 Oktober 2024 | E119: 15 Juli 2024 | F119: 15 Oktober 2024 | G119: NIKITA ZAHRA TUSYTA | H119: 0073920257 | I119: SMK NEGERI 8 PALEMBANG | J119: TEKNIK KOMPUTER DAN JARINGAN | K119: 91 | L119: 85 | M119: 86 | N119: 86 | O119: 91 | P119: 87 | Q119: 89 | R119: =SUM(K119:Q119) -> 615 | S119: =AVERAGE(K119:Q119) -> 87.857143 | T119: =ROUND(S119,0) -> 88 | U119: Sembilan Puluh Satu | V119: Delapan Puluh Lima | W119: Delapan Puluh Enam | X119: Delapan Puluh Enam | Y119: Sembilan Puluh Satu | Z119: Delapan Puluh Tujuh | AA119: Delapan Puluh Sembilan | AB119: Enam Ratus Lima Belas | AC119: Delapan Puluh Delapan
A120: 122 | B120: 18572 | C120: SISWA | D120: 15 Oktober 2024 | E120: 15 Juli 2024 | F120: 15 Oktober 2024 | G120: M. NASHWAN SHAFIQ | H120: 008561717 | I120: SMK NEGERI 8 PALEMBANG | J120: TEKNIK KOMPUTER DAN JARINGAN | K120: 90 | L120: 87 | M120: 86 | N120: 87 | O120: 91 | P120: 90 | Q120: 88 | R120: =SUM(K120:Q120) -> 619 | S120: =AVERAGE(K120:Q120) -> 88.428571 | T120: =ROUND(S120,0) -> 88 | U120: Sembilan Puluh | V120: Delapan Puluh Tujuh | W120: Delapan Puluh Enam | X120: Delapan Puluh Tujuh | Y120: Sembilan Puluh Satu | Z120: Sembilan Puluh | AA120: Delapan Puluh Delapan | AB120: Enam Ratus Sembilan Belas | AC120: Delapan Puluh Delapan
A121: 123 | B121: 18573 | C121: SISWA | D121: 15 Oktober 2024 | E121: 15 Juli 2024 | F121: 15 Oktober 2024 | G121: SALWA KHAIRANI AJI | H121: 0078938748 | I121: SMK NEGERI 8 PALEMBANG | J121: TEKNIK KOMPUTER DAN JARINGAN | K121: 90 | L121: 92 | M121: 90 | N121: 90 | O121: 91 | P121: 90 | Q121: 90 | R121: =SUM(K121:Q121) -> 633 | S121: =AVERAGE(K121:Q121) -> 90.428571 | T121: =ROUND(S121,0) -> 90 | U121: Sembilan Puluh | V121: Sembilan Puluh Dua | W121: Sembilan Puluh | X121: Sembilan Puluh | Y121: Sembilan Puluh Satu | Z121: Sembilan puluh | AA121: Sembilan Puluh | AB121: Enam Ratus Tiga Puluh Tiga | AC121: Sembilan Puluh
A122: 124 | B122: 18574 | C122: SISWA | D122: 15 Oktober 2024 | E122: 15 Juli 2024 | F122: 15 Oktober 2024 | G122: AURELLIA AZ-ZAHRA | H122: 0085157045 | I122: SMK NEGERI 8 PALEMBANG | J122: TEKNIK KOMPUTER DAN JARINGAN | K122: 98 | L122: 98 | M122: 96 | N122: 98 | O122: 98 | P122: 96 | Q122: 98 | R122: =SUM(K122:Q122) -> 682 | S122: =AVERAGE(K122:Q122) -> 97.428571 | T122: =ROUND(S122,0) -> 97 | U122: Sembilan Puluh Delapan | V122: Sembilan Puluh Delapan | W122: Sembilan Puluh Enam | X122: Sembilan Puluh Delapan | Y122: Sembilan Puluh Delapan | Z122: Sembilan Puluh Enam | AA122: Sembilan Puluh Delapan | AB122: Enam Ratus Delapan Puluh Dua | AC122: Sembilan Puluh Tujuh
A123: 125 | B123: 18575 | C123: SISWA | D123: 15 Oktober 2024 | E123: 15 Juli 2024 | F123: 15 Oktober 2024 | G123: DINAR RADHIYAH RIFFIANA | H123: 0073953340 | I123: SMK NEGERI 8 PALEMBANG | J123: TEKNIK KOMPUTER DAN JARINGAN | K123: 90 | L123: 91 | M123: 91 | N123: 90 | O123: 91 | P123: 90 | Q123: 90 | R123: =SUM(K123:Q123) -> 633 | S123: =AVERAGE(K123:Q123) -> 90.428571 | T123: =ROUND(S123,0) -> 90 | U123: Sembilan Puluh | V123: Sembilan Puluh Satu | W123: Sembilan Puluh Satu | X123: Sembilan Puluh | Y123: Sembilan Puluh Satu | Z123: Sembilan Puluh | AA123: Sembilan Puluh | AB123: Enam Ratus Tiga Puluh Tiga | AC123: Sembilan Puluh
A124: 126 | B124: 18576 | C124: SISWA | D124: 15 Oktober 2024 | E124: 15 Juli 2024 | F124: 15 Oktober 2024 | G124: NAJLA KHALISHA RIFFA | H124: 0079037055 | I124: SMK NEGERI 8 PALEMBANG | J124: TEKNIK KOMPUTER DAN JARINGAN | K124: 98 | L124: 98 | M124: 96 | N124: 98 | O124: 98 | P124: 96 | Q124: 98 | R124: =SUM(K124:Q124) -> 682 | S124: =AVERAGE(K124:Q124) -> 97.428571 | T124: =ROUND(S124,0) -> 97 | U124: Sembilan Puluh Delapan | V124: Sembilan Puluh Delapan | W124: Sembilan Puluh Enam | X124: Sembilan Puluh Delapan | Y124: Sembilan Puluh Delapan | Z124: Sembilan Puluh Enam | AA124: Sembilan Puluh Delapan | AB124: Enam Ratus Delapan Puluh Dua | AC124: Sembilan Puluh Tujuh
A125: 127 | B125: 19010 | C125: SISWA | D125: 22 Oktober 2024 | E125: 22 Juli 2024 | F125: 22 Oktober 2024 | G125: M. REZA AMANDA MULYANTARA | H125: 0077528219 | I125: SMK NEGERI 8 PALEMBANG | J125: TEKNIK KOMPUTER DAN JARINGAN | K125: 90 | L125: 89 | M125: 89 | N125: 90 | O125: 90 | P125: 90 | Q125: 90 | R125: =SUM(K125:Q125) -> 628 | S125: =AVERAGE(K125:Q125) -> 89.714286 | T125: =ROUND(S125,0) -> 90 | U125: Sembilan Puluh | V125: Delapan Puluh Sembilan | W125: Delapan Puluh Sembilan | X125: Sembilan Puluh | Y125: Sembilan Puluh | Z125: Sembilan Puluh | AA125: Sembilan Puluh | AB125: Enam Ratus Dua Puluh Delapan | AC125: Sembilan Puluh
A126: 128 | B126: 19011 | C126: SISWA | D126: 22 Oktober 2024 | E126: 22 Juli 2024 | F126: 22 Oktober 2024 | G126: SALSHA NUR AISSYAH | H126: 0073070058 | I126: SMK NEGERI 8 PALEMBANG | J126: TEKNIK KOMPUTER DAN JARINGAN | K126: 90 | L126: 89 | M126: 89 | N126: 90 | O126: 90 | P126: 90 | Q126: 90 | R126: =SUM(K126:Q126) -> 628 | S126: =AVERAGE(K126:Q126) -> 89.714286 | T126: =ROUND(S126,0) -> 90 | U126: Sembilan Puluh | V126: Delapan Puluh Sembilan | W126: Sembilan Puluh | X126: Sembilan Puluh | Y126: Sembilan Puluh | Z126: Sembilan Puluh | AA126: Sembilan Puluh | AB126: Enam Ratus Dua Puluh Delapan | AC126: Sembilan Puluh
A127: 129 | B127: 19548 | C127: SISWA | D127: 31 Oktober 2024 | E127: 01 Agustus 2024 | F127: 31 Oktober 2024 | G127: ABDILLA HUSAINI | H127: 0079982618 | I127: SMK NEGERI 5 PALEMBANG | J127: MULTIMEDIA | K127: 90 | L127: 90 | M127: 85 | N127: 85 | O127: 85 | P127: 85 | Q127: 90 | R127: =SUM(K127:Q127) -> 610 | S127: =AVERAGE(K127:Q127) -> 87.142857 | T127: =ROUND(S127,0) -> 87 | U127: Sembilan Puluh | V127: Sembilan Puluh | W127: Delapan Puluh Lima | X127: Delapan Puluh Lima | Y127: Delapan Puluh Lima | Z127: Delapan Puluh Lima | AA127: Sembilan Puluh | AB127: Enam Ratus Sepuluh | AC127: Delapan Puluh Tujuh
A128: 130 | B128: 19549 | C128: SISWA | D128: 31 Oktober 2024 | E128: 01 Agustus 2024 | F128: 31 Oktober 2024 | G128: NANDA TRIYATMOKO | H128: 0052706667 | I128: SMK NEGERI 5 PALEMBANG | J128: MULTIMEDIA | K128: 90 | L128: 90 | M128: 85 | N128: 85 | O128: 85 | P128: 85 | Q128: 90 | R128: =SUM(K128:Q128) -> 610 | S128: =AVERAGE(K128:Q128) -> 87.142857 | T128: =ROUND(S128,0) -> 87 | U128: Sembilan Puluh | V128: Sembilan Puluh | W128: Delapan Puluh Lima | X128: Delapan Puluh Lima | Y128: Delapan Puluh Lima | Z128: Delapan Puluh Lima | AA128: Sembilan Puluh | AB128: Enam Ratus Sepuluh | AC128: Delapan Puluh Tujuh
A129: 131 | B129: 19550 | C129: SISWA | D129: 31 Oktober 2024 | E129: 01 Agustus 2024 | F129: 31 Oktober 2024 | G129: ABDUL FATHIR RASYA | H129: 007953307 | I129: SMK NEGERI 5 PALEMBANG | J129: MULTIMEDIA | K129: 97 | L129: 97 | M129: 97 | N129: 97 | O129: 97 | P129: 96 | Q129: 98 | R129: =SUM(K129:Q129) -> 679 | S129: =AVERAGE(K129:Q129) -> 97 | T129: =ROUND(S129,0) -> 97 | U129: Sembilan Puluh Tujuh | V129: Sembilan Puluh Tujuh | W129: Sembilan Puluh Tujuh | X129: Sembilan Puluh Tujuh | Y129: Sembilan Puluh Tujuh | Z129: Sembilan Puluh Enam | AA129: Sembilan Puluh Delapan | AB129: Enam Ratus Tujuh Puluh Sembilan | AC129: Sembilan Puluh Tujuh
A130: 132 | B130: 19546 | C130: SISWA | D130: 31 Oktober 2024 | E130: 01 Agustus 2024 | F130: 31 Oktober 2024 | G130: AIDHA DWI AMANILLAH | H130: 0078855557 | I130: SMK NEGERI 5 PALEMBANG | J130: AKUNTANSI DAN KEUANGAN LEMBAGA | K130: 90 | L130: 91 | M130: 92 | N130: 92 | O130: 94 | P130: 90 | Q130: 93 | R130: =SUM(K130:Q130) -> 642 | S130: =AVERAGE(K130:Q130) -> 91.714286 | T130: =ROUND(S130,0) -> 92 | U130: Sembilan Puluh | V130: Sembilan Puluh Satu | W130: Sembilan Puluh Dua | X130: Sembilan Puluh Dua | Y130: Sembilan Puluh Empat | Z130: Sembilan Puluh | AA130: Sembilan Puluh Tiiga | AB130: Enam Ratus Empat Puluh Dua | AC130: Semnilan Puluh Dua
... A147: 149 | B147: 22874 | C147: MAHASISWA | D147: 13 Desember 2024 | E147: 03 Oktober 2024 | F147: 14 Desember 2024 | G147: ZACKY DERO SAPUTRA | H147: 2022141077 | I147: UNIVERSITAS PGRI PALEMBANG | J147: BIMBINGAN DAN KONSELING | K147: 90 | L147: 90 | M147: 90 | N147: 91 | O147: 91 | P147: 90 | Q147: 92 | R147: =SUM(K147:Q147) -> 634 | S147: =AVERAGE(K147:Q147) -> 90.571429 | T147: =ROUND(S147,0) -> 91 | U147: Sembilan Puluh | V147: Sembilan Puluh | W147: Sembilan Puluh | X147: Sembilan Puluh Satu | Y147: Sembilan Puluh Satu | Z147: Sembilan Puluh | AA147: Sembilan Puluh Satu | AB147: Enam Ratus Tiga Puluh Empat | AC147: Sembilan Puluh Satu
A148: 150 | B148: 1760 | C148: SISWA | D148: 31 Januari 2025 | E148: 29 Juli 2024 | F148: 30 Januari 2025 | G148: M. RADITYA MANDA PRATAMA | H148: 0075168236 | I148: SMK BINA JAYA PALEMBANG | J148: MANAJEMEN PERKANTORAN | K148: 93 | L148: 92 | M148: 93 | N148: 93 | O148: 93 | P148: 92 | Q148: 93 | R148: =SUM(K148:Q148) -> 649 | S148: =AVERAGE(K148:Q148) -> 92.714286 | T148: =ROUND(S148,0) -> 93 | U148: =PROPER([1]!terbilang(K148)) -> Sembilan Puluh Tiga | V148: =PROPER([1]!terbilang(L148)) -> Sembilan Puluh Dua | W148: =PROPER([1]!terbilang(M148)) -> Sembilan Puluh Tiga | X148: =PROPER([1]!terbilang(N148)) -> Sembilan Puluh Tiga | Y148: =PROPER([1]!terbilang(O148)) -> Sembilan Puluh Tiga | Z148: =PROPER([1]!terbilang(P148)) -> Sembilan Puluh Dua | AA148: =PROPER([1]!terbilang(Q148)) -> Sembilan Puluh Tiga | AB148: =PROPER([1]!terbilang(R148)) -> Enam Ratus Empat Puluh Sembilan | AC148: =PROPER([1]!terbilang(T148)) -> Sembilan Puluh Tiga
A149: 151 | B149: 1761 | C149: SISWA | D149: 31 Januari 2025 | E149: 29 Juli 2024 | F149: 30 Januari 2025 | G149: CLARA DWI AURELLIA | H149: 0076943184 | I149: SMK BINA JAYA PALEMBANG | J149: MANAJEMEN PERKANTORAN | K149: 97 | L149: 95 | M149: 90 | N149: 96 | O149: 92 | P149: 90 | Q149: 100 | R149: =SUM(K149:Q149) -> 660 | S149: =AVERAGE(K149:Q149) -> 94.285714 | T149: =ROUND(S149,0) -> 94 | U149: =PROPER([1]!terbilang(K149)) -> Sembilan Puluh Tujuh | V149: =PROPER([1]!terbilang(L149)) -> Sembilan Puluh Lima | W149: =PROPER([1]!terbilang(M149)) -> Sembilan Puluh | X149: =PROPER([1]!terbilang(N149)) -> Sembilan Puluh Enam | Y149: =PROPER([1]!terbilang(O149)) -> Sembilan Puluh Dua | Z149: =PROPER([1]!terbilang(P149)) -> Sembilan Puluh | AA149: =PROPER([1]!terbilang(Q149)) -> Seratus | AB149: =PROPER([1]!terbilang(R149)) -> Enam Ratus Enam Puluh | AC149: =PROPER([1]!terbilang(T149)) -> Sembilan Puluh Empat
A150: 152 | B150: 1762 | C150: SISWA | D150: 31 Januari 2025 | E150: 29 Juli 2024 | F150: 30 Januari 2025 | G150: NUR PARAH | H150: 0076327438 | I150: SMK BINA JAYA PALEMBANG | J150: MANAJEMEN PERKANTORAN | K150: 97 | L150: 95 | M150: 90 | N150: 96 | O150: 92 | P150: 90 | Q150: 100 | R150: =SUM(K150:Q150) -> 660 | S150: =AVERAGE(K150:Q150) -> 94.285714 | T150: =ROUND(S150,0) -> 94 | U150: =PROPER([1]!terbilang(K150)) -> Sembilan Puluh Tujuh | V150: =PROPER([1]!terbilang(L150)) -> Sembilan Puluh Lima | W150: =PROPER([1]!terbilang(M150)) -> Sembilan Puluh | X150: =PROPER([1]!terbilang(N150)) -> Sembilan Puluh Enam | Y150: =PROPER([1]!terbilang(O150)) -> Sembilan Puluh Dua | Z150: =PROPER([1]!terbilang(P150)) -> Sembilan Puluh | AA150: =PROPER([1]!terbilang(Q150)) -> Seratus | AB150: =PROPER([1]!terbilang(R150)) -> Enam Ratus Enam Puluh | AC150: =PROPER([1]!terbilang(T150)) -> Sembilan Puluh Empat
A151: 153 | B151: 1763 | C151: SISWA | D151: 31 Januari 2025 | E151: 29 Juli 2024 | F151: 30 Januari 2025 | G151: AYU WANDIRA | H151: 0079754499 | I151: SMK BINA JAYA PALEMBANG | J151: MANAJEMEN PERKANTORAN | K151: 98 | L151: 99 | M151: 98 | N151: 99 | O151: 99 | P151: 98 | Q151: 99 | R151: =SUM(K151:Q151) -> 690 | S151: =AVERAGE(K151:Q151) -> 98.571429 | T151: =ROUND(S151,0) -> 99 | U151: =PROPER([1]!terbilang(K151)) -> Sembilan Puluh Delapan | V151: =PROPER([1]!terbilang(L151)) -> Sembilan Puluh Sembilan | W151: =PROPER([1]!terbilang(M151)) -> Sembilan Puluh Delapan | X151: =PROPER([1]!terbilang(N151)) -> Sembilan Puluh Sembilan | Y151: =PROPER([1]!terbilang(O151)) -> Sembilan Puluh Sembilan | Z151: =PROPER([1]!terbilang(P151)) -> Sembilan Puluh Delapan | AA151: =PROPER([1]!terbilang(Q151)) -> Sembilan Puluh Sembilan | AB151: =PROPER([1]!terbilang(R151)) -> Enam Ratus Sembilan Puluh | AC151: =PROPER([1]!terbilang(T151)) -> Sembilan Puluh Sembilan
A152: 154 | B152: 9836 | C152: MAHASISWA | D152: 23 Mei 2025 | E152: 03 Februari 2025 | F152: 30 Mei 2025 | G152: LATIFAH MAYLANI | H152: 062240833129 | I152: POLITEKNIK NEGERI SRIWIJAYA | J152: MANAJEMEN INFORMATIKA | K152: 90 | L152: 95 | M152: 95 | N152: 93 | O152: 95 | P152: 90 | Q152: 95 | R152: =SUM(K152:Q152) -> 653 | S152: =AVERAGE(K152:Q152) -> 93.285714 | T152: =ROUND(S152,0) -> 93 | U152: =PROPER([1]!terbilang(K152)) -> Sembilan Puluh | V152: =PROPER([1]!terbilang(L152)) -> Sembilan Puluh Lima | W152: =PROPER([1]!terbilang(M152)) -> Sembilan Puluh Lima | X152: =PROPER([1]!terbilang(N152)) -> Sembilan Puluh Tiga | Y152: =PROPER([1]!terbilang(O152)) -> Sembilan Puluh Lima | Z152: =PROPER([1]!terbilang(P152)) -> Sembilan Puluh | AA152: =PROPER([1]!terbilang(Q152)) -> Sembilan Puluh Lima | AB152: =PROPER([1]!terbilang(R152)) -> Enam Ratus Lima Puluh Tiga | AC152: =PROPER([1]!terbilang(T152)) -> Sembilan Puluh Tiga
A153: 155 | B153: 9837 | C153: MAHASISWA | D153: 23 Mei 2025 | E153: 03 Februari 2025 | F153: 30 Mei 2025 | G153: VIVI SEPTIANI | H153: 062240833143 | I153: POLITEKNIK NEGERI SRIWIJAYA | J153: MANAJEMEN INFORMATIKA | K153: 89 | L153: 95 | M153: 93 | N153: 95 | O153: 95 | P153: 89 | Q153: 95 | R153: =SUM(K153:Q153) -> 651 | S153: =AVERAGE(K153:Q153) -> 93 | T153: =ROUND(S153,0) -> 93 | U153: =PROPER([1]!terbilang(K153)) -> Delapan Puluh Sembilan | V153: =PROPER([1]!terbilang(L153)) -> Sembilan Puluh Lima | W153: =PROPER([1]!terbilang(M153)) -> Sembilan Puluh Tiga | X153: =PROPER([1]!terbilang(N153)) -> Sembilan Puluh Lima | Y153: =PROPER([1]!terbilang(O153)) -> Sembilan Puluh Lima | Z153: =PROPER([1]!terbilang(P153)) -> Delapan Puluh Sembilan | AA153: =PROPER([1]!terbilang(Q153)) -> Sembilan Puluh Lima | AB153: =PROPER([1]!terbilang(R153)) -> Enam Ratus Lima Puluh Satu | AC153: =PROPER([1]!terbilang(T153)) -> Sembilan Puluh Tiga
A154: 156 | B154: 9838 | C154: MAHASISWA | D154: 23 Mei 2025 | E154: 03 Februari 2025 | F154: 30 Mei 2025 | G154: FIRMANSYAH | H154: 062240833069 | I154: POLITEKNIK NEGERI SRIWIJAYA | J154: MANAJEMEN INFORMATIKA | K154: 88 | L154: 95 | M154: 95 | N154: 91 | O154: 95 | P154: 95 | Q154: 95 | R154: =SUM(K154:Q154) -> 654 | S154: =AVERAGE(K154:Q154) -> 93.428571 | T154: =ROUND(S154,0) -> 93 | U154: =PROPER([1]!terbilang(K154)) -> Delapan Puluh Delapan | V154: =PROPER([1]!terbilang(L154)) -> Sembilan Puluh Lima | W154: =PROPER([1]!terbilang(M154)) -> Sembilan Puluh Lima | X154: =PROPER([1]!terbilang(N154)) -> Sembilan Puluh Satu | Y154: =PROPER([1]!terbilang(O154)) -> Sembilan Puluh Lima | Z154: =PROPER([1]!terbilang(P154)) -> Sembilan Puluh Lima | AA154: =PROPER([1]!terbilang(Q154)) -> Sembilan Puluh Lima | AB154: =PROPER([1]!terbilang(R154)) -> Enam Ratus Lima Puluh Empat | AC154: =PROPER([1]!terbilang(T154)) -> Sembilan Puluh Tiga
A155: 157 | B155: 9839 | C155: MAHASISWA | D155: 23 Mei 2025 | E155: 03 Februari 2025 | F155: 30 Mei 2025 | G155: AMI SEPTIANI | H155: 062240833120 | I155: POLITEKNIK NEGERI SRIWIJAYA | J155: MANAJEMEN INFORMATIKA | K155: 91 | L155: 90 | M155: 90 | N155: 92 | O155: 92 | P155: 91 | Q155: 92 | R155: =SUM(K155:Q155) -> 638 | S155: =AVERAGE(K155:Q155) -> 91.142857 | T155: =ROUND(S155,0) -> 91 | U155: =PROPER([1]!terbilang(K155)) -> Sembilan Puluh Satu | V155: =PROPER([1]!terbilang(L155)) -> Sembilan Puluh | W155: =PROPER([1]!terbilang(M155)) -> Sembilan Puluh | X155: =PROPER([1]!terbilang(N155)) -> Sembilan Puluh Dua | Y155: =PROPER([1]!terbilang(O155)) -> Sembilan Puluh Dua | Z155: =PROPER([1]!terbilang(P155)) -> Sembilan Puluh Satu | AA155: =PROPER([1]!terbilang(Q155)) -> Sembilan Puluh Dua | AB155: =PROPER([1]!terbilang(R155)) -> Enam Ratus Tiga Puluh Delapan | AC155: =PROPER([1]!terbilang(T155)) -> Sembilan Puluh Satu
A156: 158 | B156: 9840 | C156: MAHASISWA | D156: 23 Mei 2025 | E156: 03 Februari 2025 | F156: 30 Mei 2025 | G156: ELIZA ZAHARA | H156: 062240833125 | I156: POLITEKNIK NEGERI SRIWIJAYA | J156: MANAJEMEN INFORMATIKA | K156: 91 | L156: 90 | M156: 90 | N156: 92 | O156: 92 | P156: 92 | Q156: 92 | R156: =SUM(K156:Q156) -> 639 | S156: =AVERAGE(K156:Q156) -> 91.285714 | T156: =ROUND(S156,0) -> 91 | U156: =PROPER([1]!terbilang(K156)) -> Sembilan Puluh Satu | V156: =PROPER([1]!terbilang(L156)) -> Sembilan Puluh | W156: =PROPER([1]!terbilang(M156)) -> Sembilan Puluh | X156: =PROPER([1]!terbilang(N156)) -> Sembilan Puluh Dua | Y156: =PROPER([1]!terbilang(O156)) -> Sembilan Puluh Dua | Z156: =PROPER([1]!terbilang(P156)) -> Sembilan Puluh Dua | AA156: =PROPER([1]!terbilang(Q156)) -> Sembilan Puluh Dua | AB156: =PROPER([1]!terbilang(R156)) -> Enam Ratus Tiga Puluh Sembilan | AC156: =PROPER([1]!terbilang(T156)) -> Sembilan Puluh Satu
A157: 159 | B157: 9841 | C157: MAHASISWA | D157: 23 Mei 2025 | E157: 03 Februari 2025 | F157: 30 Mei 2025 | G157: MELSI MELINDASARI | H157: 062240833131 | I157: POLITEKNIK NEGERI SRIWIJAYA | J157: MANAJEMEN INFORMATIKA | K157: 91 | L157: 90 | M157: 90 | N157: 91 | O157: 92 | P157: 90 | Q157: 92 | R157: =SUM(K157:Q157) -> 636 | S157: =AVERAGE(K157:Q157) -> 90.857143 | T157: =ROUND(S157,0) -> 91 | U157: =PROPER([1]!terbilang(K157)) -> Sembilan Puluh Satu | V157: =PROPER([1]!terbilang(L157)) -> Sembilan Puluh | W157: =PROPER([1]!terbilang(M157)) -> Sembilan Puluh | X157: =PROPER([1]!terbilang(N157)) -> Sembilan Puluh Satu | Y157: =PROPER([1]!terbilang(O157)) -> Sembilan Puluh Dua | Z157: =PROPER([1]!terbilang(P157)) -> Sembilan Puluh | AA157: =PROPER([1]!terbilang(Q157)) -> Sembilan Puluh Dua | AB157: =PROPER([1]!terbilang(R157)) -> Enam Ratus Tiga Puluh Enam | AC157: =PROPER([1]!terbilang(T157)) -> Sembilan Puluh Satu
A158: 160 | B158: 10169 | C158: MAHASISWA | D158: 2 Mei 2025 | E158: 03 Februari 2025 | F158: 03 Juni 2025 | G158: SALSARIANI | H158: 062240833057 | I158: POLITEKNIK NEGERI SRIWIJAYA | J158: MANAJEMEN INFORMATIKA | K158: 95 | L158: 94 | M158: 94 | N158: 95 | O158: 96 | P158: 96 | Q158: 95 | R158: =SUM(K158:Q158) -> 665 | S158: =AVERAGE(K158:Q158) -> 95 | T158: =ROUND(S158,0) -> 95 | U158: =PROPER([1]!terbilang(K158)) -> Sembilan Puluh Lima | V158: =PROPER([1]!terbilang(L158)) -> Sembilan Puluh Empat | W158: =PROPER([1]!terbilang(M158)) -> Sembilan Puluh Empat | X158: =PROPER([1]!terbilang(N158)) -> Sembilan Puluh Lima | Y158: =PROPER([1]!terbilang(O158)) -> Sembilan Puluh Enam | Z158: =PROPER([1]!terbilang(P158)) -> Sembilan Puluh Enam | AA158: =PROPER([1]!terbilang(Q158)) -> Sembilan Puluh Lima | AB158: =PROPER([1]!terbilang(R158)) -> Enam Ratus Enam Puluh Lima | AC158: =PROPER([1]!terbilang(T158)) -> Sembilan Puluh Lima
A159: 161 | B159: 10170 | C159: MAHASISWA | D159: 2 Mei 2025 | E159: 03 Februari 2025 | F159: 03 Juni 2025 | G159: DENNYS DEFRINATA | H159: 062240833039 | I159: POLITEKNIK NEGERI SRIWIJAYA | J159: MANAJEMEN INFORMATIKA | K159: 93 | L159: 92 | M159: 93 | N159: 94 | O159: 94 | P159: 92 | Q159: 93 | R159: =SUM(K159:Q159) -> 651 | S159: =AVERAGE(K159:Q159) -> 93 | T159: =ROUND(S159,0) -> 93 | U159: =PROPER([1]!terbilang(K159)) -> Sembilan Puluh Tiga | V159: =PROPER([1]!terbilang(L159)) -> Sembilan Puluh Dua | W159: =PROPER([1]!terbilang(M159)) -> Sembilan Puluh Tiga | X159: =PROPER([1]!terbilang(N159)) -> Sembilan Puluh Empat | Y159: =PROPER([1]!terbilang(O159)) -> Sembilan Puluh Empat | Z159: =PROPER([1]!terbilang(P159)) -> Sembilan Puluh Dua | AA159: =PROPER([1]!terbilang(Q159)) -> Sembilan Puluh Tiga | AB159: =PROPER([1]!terbilang(R159)) -> Enam Ratus Lima Puluh Satu | AC159: =PROPER([1]!terbilang(T159)) -> Sembilan Puluh Tiga
A160: 162 | B160: 10171 | C160: MAHASISWA | D160: 2 Mei 2025 | E160: 03 Februari 2025 | F160: 03 Juni 2025 | G160: YUNITA TRI AULIA | H160: 062240833062 | I160: POLITEKNIK NEGERI SRIWIJAYA | J160: MANAJEMEN INFORMATIKA | K160: 94 | L160: 93 | M160: 94 | N160: 95 | O160: 95 | P160: 93 | Q160: 94 | R160: =SUM(K160:Q160) -> 658 | S160: =AVERAGE(K160:Q160) -> 94 | T160: =ROUND(S160,0) -> 94 | U160: =PROPER([1]!terbilang(K160)) -> Sembilan Puluh Empat | V160: =PROPER([1]!terbilang(L160)) -> Sembilan Puluh Tiga | W160: =PROPER([1]!terbilang(M160)) -> Sembilan Puluh Empat | X160: =PROPER([1]!terbilang(N160)) -> Sembilan Puluh Lima | Y160: =PROPER([1]!terbilang(O160)) -> Sembilan Puluh Lima | Z160: =PROPER([1]!terbilang(P160)) -> Sembilan Puluh Tiga | AA160: =PROPER([1]!terbilang(Q160)) -> Sembilan Puluh Empat | AB160: =PROPER([1]!terbilang(R160)) -> Enam Ratus Lima Puluh Delapan | AC160: =PROPER([1]!terbilang(T160)) -> Sembilan Puluh Empat
A161: 163 | B161: 12106 | C161: MAHASISWA | D161: 45838 | E161: 45809 | F161: 45839 | G161: MELINA VANIATAN | H161: 1031182227011 | I161: UNIVERSITAS SRIWIJAYA | J161: AKUNTANSI | K161: 98 | L161: 95 | M161: 95 | N161: 95 | O161: 94 | P161: 93 | Q161: 95 | R161: =SUM(K161:Q161) -> 665 | S161: =AVERAGE(K161:Q161) -> 95 | T161: =ROUND(S161,0) -> 95 | U161: =PROPER([1]!terbilang(K161)) -> Sembilan Puluh Delapan | V161: =PROPER([1]!terbilang(L161)) -> Sembilan Puluh Lima | W161: =PROPER([1]!terbilang(M161)) -> Sembilan Puluh Lima | X161: =PROPER([1]!terbilang(N161)) -> Sembilan Puluh Lima | Y161: =PROPER([1]!terbilang(O161)) -> Sembilan Puluh Empat | Z161: =PROPER([1]!terbilang(P161)) -> Sembilan Puluh Tiga | AA161: =PROPER([1]!terbilang(Q161)) -> Sembilan Puluh Lima | AB161: =PROPER([1]!terbilang(R161)) -> Enam Ratus Enam Puluh Lima | AC161: =PROPER([1]!terbilang(T161)) -> Sembilan Puluh Lima
A162: 164 | B162: 12107 | C162: MAHASISWA | D162: 45838 | E162: 45809 | F162: 45839 | G162: NAQIYYAH AURYN SYAHLA MALADI | H162: 1031182227019 | I162: UNIVERSITAS SRIWIJAYA | J162: AKUNTANSI | K162: 98 | L162: 95 | M162: 95 | N162: 95 | O162: 95 | P162: 92 | Q162: 95 | R162: =SUM(K162:Q162) -> 665 | S162: =AVERAGE(K162:Q162) -> 95 | T162: =ROUND(S162,0) -> 95 | U162: =PROPER([1]!terbilang(K162)) -> Sembilan Puluh Delapan | V162: =PROPER([1]!terbilang(L162)) -> Sembilan Puluh Lima | W162: =PROPER([1]!terbilang(M162)) -> Sembilan Puluh Lima | X162: =PROPER([1]!terbilang(N162)) -> Sembilan Puluh Lima | Y162: =PROPER([1]!terbilang(O162)) -> Sembilan Puluh Lima | Z162: =PROPER([1]!terbilang(P162)) -> Sembilan Puluh Dua | AA162: =PROPER([1]!terbilang(Q162)) -> Sembilan Puluh Lima | AB162: =PROPER([1]!terbilang(R162)) -> Enam Ratus Enam Puluh Lima | AC162: =PROPER([1]!terbilang(T162)) -> Sembilan Puluh Lima
